batsman,total_runs,strike_rate,avg_runs_per_innings,batting_impact
V Suryavanshi,1028,217.33615221987316,44.69565217391305,100.0
FH Allen,349,207.73809523809524,31.727272727272727,84.28712924187059
A Mhatre,441,176.4,33.92307692307692,73.6984456534291
J Fraser-McGurk,385,189.6551724137931,25.666666666666668,72.29533663427841
Priyansh Arya,909,185.13238289205702,29.322580645161292,72.06849558657417
JP Inglis,544,165.85365853658536,34.0,68.6168862021044
C Connolly,491,155.37974683544306,37.76923076923077,67.82699131423801
PD Salt,1258,168.63270777479892,31.45,67.79540253338769
B Sai Sudharsan,2515,142.89772727272728,44.12280701754386,67.59629805936429
RD Rickelton,836,162.96296296296296,32.15384615384615,65.91078566256977
Urvil Patel,197,193.13725490196077,19.7,64.5371507213797
TM Head,1556,162.25234619395204,29.923076923076923,63.6931543810219
H Klaasen,2104,159.3939393939394,35.06666666666667,63.36799500170833
CH Gayle,4997,142.1217292377702,35.43971631205674,60.91045451310442
YBK Jaiswal,2593,148.17142857142858,31.621951219512194,60.40880723220109
DP Conway,1080,136.02015113350126,38.57142857142857,60.30232688092042
Abhishek Sharma,2379,161.72671651937458,26.730337078651687,59.65469765582269
JC Buttler,4647,144.856608478803,34.169117647058826,59.60620009556712
KL Rahul,5828,135.47187354718736,39.11409395973154,59.42306429320327
RM Patidar,1612,155.7487922705314,31.0,59.1225651858596
P Nissanka,278,154.44444444444446,27.8,58.9407642151676
HM Amla,577,138.03827751196172,36.0625,58.63591569546786
P Simran Singh,1865,152.8688524590164,28.692307692307693,58.468315366991796
DA Warner,6567,135.4299855640338,35.69021739130435,56.998702545745964
JM Bairstow,1674,141.7442845046571,32.19230769230769,56.972969279562825
AD Russell,2655,163.28413284132841,23.289473684210527,56.84946560890792
Shubman Gill,4598,137.70589997005092,35.36923076923077,56.73801751586055
ML Hayden,1107,131.94278903456495,34.59375,55.98576484205883
SE Marsh,2489,130.10977522216413,36.072463768115945,55.78707489385288
AB de Villiers,5181,148.58044164037855,30.476470588235294,55.54583844000426
V Sehwag,2728,148.82705946535734,26.23076923076923,55.304086081944945
MR Marsh,1855,143.68706429124708,29.919354838709676,54.99302627046173
D Ferreira,326,167.17948717948718,20.375,54.88839192052033
CA Lynn,1329,136.4476386036961,31.642857142857142,54.72026095062491
LMP Simmons,1079,122.89293849658314,37.206896551724135,54.607541681600715
N Pooran,2527,155.1258440761203,25.27,54.147363493272636
SA Yadav,4581,145.24413443246672,27.932926829268293,53.69231119181297
KR Mayers,379,137.31884057971016,29.153846153846153,53.62030972206625
WG Jacks,602,156.36363636363637,23.153846153846153,53.22549699007455
RD Gaikwad,2839,131.80129990714948,33.79761904761905,53.12756306827827
Naman Dhir,710,159.9099099099099,21.515151515151516,52.92691762782119
A Raghuvanshi,885,140.9235668789809,29.5,52.88364609681094
V Kohli,9346,131.13511996632525,33.985454545454544,52.599078037503524
RR Pant,3879,141.6210295728368,28.522058823529413,52.22469691579713
JJ Roy,614,133.47826086956522,29.238095238095237,52.106703104197486
F du Plessis,4773,132.39944521497918,32.46938775510204,51.97935045308287
Ishan Kishan,3600,139.58898797983716,28.346456692913385,51.966386140047724
Ashutosh Sharma,564,158.42696629213484,21.692307692307693,51.78187207765803
TH David,1151,165.13629842180774,19.508474576271187,51.752440721553825
MJ Lumb,278,140.4040404040404,23.166666666666668,51.69902360679839
PP Shaw,1892,143.22482967448903,23.949367088607595,50.68896805223655
Tilak Varma,1858,138.24404761904762,28.584615384615386,49.90760036584868
SR Watson,3880,134.1632088520055,27.5177304964539,49.61685548251273
Atharva Taide,260,138.29787234042556,26.0,49.60746879171089
VR Iyer,1677,137.12183156173344,27.048387096774192,49.56251849575063
SV Samson,5181,137.42705570291778,28.005405405405405,49.537852579677015
Dhruv Jurel,1195,149.1885143570537,23.431372549019606,49.53138926283002
Q de Kock,3444,131.55080213903742,29.1864406779661,49.52680066704851
ST Jayasuriya,768,134.03141361256544,25.6,49.18216898909523
C Green,1029,146.58119658119656,24.5,49.1402084899096
DR Smith,2385,132.27953410981698,27.102272727272727,49.134169116702495
MEK Hussey,1977,119.96359223300972,34.08620689655172,49.1247489499932
MN van Wyk,167,123.7037037037037,33.4,49.074649605948515
AC Gilchrist,2069,133.05466237942122,25.8625,49.06294793490331
Shashank Singh,905,153.91156462585033,21.547619047619047,48.90630148605215
RR Rossouw,473,147.35202492211837,21.5,48.65490164065945
SS Iyer,4233,131.8280909374027,29.395833333333332,48.6021624785648
R Shepherd,268,166.45962732919256,14.105263157894736,48.424814655722116
D Brevis,606,140.27777777777777,25.25,48.210392245894646
GJ Maxwell,2820,148.73417721518987,21.044776119402986,47.9478485509949
S Dhawan,6769,123.45431333211745,30.6289592760181,47.881381751422694
Kartik Sharma,295,134.0909090909091,26.818181818181817,47.80961719678205
KP Pietersen,1001,132.05804749340368,27.805555555555557,47.57805273822734
SP Narine,1820,154.49915110356537,14.918032786885245,47.575816079635516
LS Livingstone,1066,147.0344827586207,21.755102040816325,47.52210718119934
SK Raina,5536,132.53531242518554,27.68,47.34799631682605
Abishek Porel,769,140.32846715328466,23.303030303030305,47.08599240617464
N Rana,3078,133.01642178046674,25.43801652892562,46.83416591456265
T Stubbs,986,147.82608695652172,22.930232558139537,46.70244383009306
E Lewis,654,131.06212424849699,25.153846153846153,46.61487666581793
BCJ Cutting,238,163.013698630137,14.0,46.28462530325812
Sameer Rizvi,424,139.4736842105263,23.555555555555557,46.12105655196952
BB McCullum,2882,126.84859154929578,26.440366972477065,46.05781984959252
RG Sharma,7331,129.54585615833184,26.658181818181816,45.964734500545134
R Ravindra,413,138.59060402684565,22.944444444444443,45.608630720144546
S Dube,2129,136.91318327974275,24.471264367816094,45.52042503502225
SD Hope,183,146.4,20.333333333333332,45.26136720157271
Suryansh Shedge,165,158.65384615384613,16.5,45.24695419751585
PD Collingwood,203,127.67295597484276,29.0,44.996449302616156
JM Sharma,1107,147.20744680851064,18.76271186440678,44.9323722253779
D Padikkal,2270,127.59977515458122,25.50561797752809,44.883285469725806
RK Singh,1398,139.1044776119403,22.548387096774192,44.8143944472666
RA Tripathi,2291,134.21206795547744,23.377551020408163,44.67370410642955
BJ Rohrer,193,132.1917808219178,24.125,44.45731324423266
SR Tendulkar,2334,114.18786692759295,29.923076923076923,44.28749451225451
MJ Guptill,271,137.56345177664974,20.846153846153847,44.11743900799194
MP Stoinis,2242,141.18387909319898,20.75925925925926,44.09074997312641
AK Markram,1671,132.1993670886076,25.318181818181817,44.00116149747664
Aniket Verma,315,153.65853658536585,15.75,43.94182594677143
Nithish Kumar Reddy,787,139.04593639575972,22.485714285714284,43.84247129530162
R Parag,1879,138.2634289919058,21.848837209302324,43.81537773232239
Salman Butt,193,112.20930232558139,27.571428571428573,43.652080875605826
PBB Rajapaksa,277,137.81094527363186,21.307692307692307,43.53797276882956
JR Hopes,417,132.80254777070064,21.94736842105263,43.510382852515676
G Gambhir,4217,119.66515323496027,27.927152317880793,43.4542485697453
KS Williamson,2132,122.95271049596307,28.05263157894737,43.45283867660613
AM Rahane,5367,122.22728307902528,27.243654822335024,43.30440827944717
RV Uthappa,4954,126.15227909345556,25.14720812182741,43.284163802342896
KA Pollard,3437,140.45770331017573,20.458333333333332,43.172879159032966
JG Bethell,163,135.83333333333334,18.11111111111111,43.168954093991196
YK Pathan,3222,138.04627249357327,21.058823529411764,43.16424575393774
A Symonds,974,124.71190781049937,27.055555555555557,43.10186824259312
N Wadhera,784,134.47684391080617,21.18918918918919,42.585610611560476
SPD Smith,2495,124.81240620310155,26.827956989247312,42.579191673567415
DA Miller,3288,134.69889389594428,22.993006993006993,42.43219705469233
HH Pandya,2964,140.0756143667297,19.76,42.41281167108911
AD Hales,148,124.36974789915966,24.666666666666668,41.67756722312556
MM Ali,1167,134.91329479768785,19.779661016949152,41.61795657654686
JD Ryder,604,129.6137339055794,20.82758620689655,41.49073185641242
KK Nair,1712,128.5285285285285,21.94871794871795,41.464728759843375
MA Agarwal,2764,128.7977632805219,22.112,41.438203034827694
MS Dhoni,5439,132.626188734455,22.568464730290458,41.31395452871923
Rahmanullah Gurbaz,363,128.26855123674912,20.166666666666668,41.23635954008511
CR Brathwaite,181,150.83333333333334,12.928571428571429,41.07645685143145
AJ Finch,2092,123.34905660377358,23.244444444444444,41.03439130467786
SM Katich,241,126.17801047120419,21.90909090909091,40.87237687489008
SO Hetmyer,1566,141.0810810810811,18.423529411764704,40.868520413492746
AC Voges,181,126.57342657342659,25.857142857142858,40.71533448740408
SA Asnodkar,423,120.17045454545455,22.263157894736842,40.524306125804635
R Dravid,2174,113.34723670490095,26.51219512195122,40.46008638518764
R Powell,555,135.69682151589242,18.5,40.45138267737625
KD Karthik,4843,131.35340385136968,20.78540772532189,40.39690621933756
A Badoni,1178,133.10734463276836,21.035714285714285,40.39521934495233
DJ Harris,111,107.76699029126213,27.75,40.36641050218645
JP Duminy,2029,120.77380952380952,27.053333333333335,40.18983700539769
KC Sangakkara,1687,118.4691011235955,24.808823529411764,40.11412139679405
MD Choudhary,170,139.34426229508196,17.0,40.08013162754016
BA Stokes,935,130.22284122562675,21.74418604651163,40.06521040314912
M Vijay,2619,118.61413043478262,24.942857142857143,40.05818743178132
AT Rayudu,4348,124.58452722063038,23.502702702702702,40.03700089810659
DJ Mitchell,351,128.1021897810219,23.4,39.70191874170773
S Vidyut,145,126.08695652173914,18.125,39.58456977037443
Yuvraj Singh,2754,124.78477571363842,21.857142857142858,39.57399598234485
SB Dubey,220,148.64864864864865,12.941176470588236,39.47663958021186
M Vohra,1083,125.49246813441484,21.235294117647058,39.456874481415035
PC Valthaty,505,116.89814814814814,21.956521739130434,39.4472010570861
SE Rutherford,520,132.31552162849874,19.25925925925926,39.3808228801621
SN Khan,746,134.17266187050362,17.348837209302324,39.35069442054681
Azmatullah Omarzai,151,143.8095238095238,13.727272727272727,38.87276768771465
DPMD Jayawardene,1808,118.7910643889619,23.17948717948718,38.75308699429419
OA Shah,506,124.93827160493827,23.0,38.72080541128044
Abdul Samad,859,143.6454849498328,14.810344827586206,38.627896838455
MK Pandey,4021,118.05637110980622,24.66871165644172,38.38905172315942
SM Curran,997,131.011826544021,18.81132075471698,38.05365174942796
CL White,971,125.45219638242895,21.57777777777778,37.97783174660954
CH Morris,618,149.636803874092,12.612244897959183,37.93387780134705
PJ Cummins,642,146.9107551487414,12.588235294117647,37.901421274071204
WP Saha,2934,123.90202702702702,20.517482517482517,37.71097783011522
M Shahrukh Khan,775,140.65335753176043,14.622641509433961,37.68247227713372
UT Khawaja,127,120.95238095238095,21.166666666666668,37.64912550826644
GC Smith,739,106.9464544138929,25.482758620689655,37.484853162538364
BJ Hodge,1400,121.42237640936686,22.22222222222222,37.3141927198647
KS Bharat,199,118.45238095238095,24.875,37.29469581087221
K Gowtham,247,155.34591194968556,9.148148148148149,37.288118373840135
SM Pollock,147,126.72413793103448,18.375,37.14352611970175
PA Patel,2848,116.62571662571663,20.941176470588236,36.99527051289437
RN ten Doeschate,326,136.9747899159664,15.523809523809524,36.81571480100049
Sikandar Raza,182,127.27272727272727,20.22222222222222,36.5191253359291
TM Dilshan,1153,110.12416427889207,23.06,36.488961544653584
D Wiese,148,140.95238095238096,13.454545454545455,36.4391236271255
Azhar Mahmood,388,124.7588424437299,18.476190476190474,36.36571581699683
S Badrinath,1441,115.74297188755021,22.16923076923077,36.14939594321615
DJ Hussey,1322,120.07266121707538,21.672131147540984,35.92334031311805
JH Kallis,2427,105.93627237014405,25.54736842105263,35.857183369426515
CJ Anderson,538,123.39449541284404,18.551724137931036,35.77297629090505
SP Fleming,196,114.61988304093566,19.6,35.67991997941819
MW Short,177,115.68627450980394,19.666666666666668,35.56865494060335
SW Billings,503,126.06516290726817,18.62962962962963,35.510931201977115
Mohammad Nabi,221,140.76433121019107,11.631578947368421,35.42084891445043
HH Gibbs,886,105.8542413381123,24.61111111111111,35.3757412276902
RS Bopara,531,113.46153846153845,24.136363636363637,35.27031306395164
V Shankar,1233,125.17766497461929,19.571428571428573,35.249697578029576
C Munro,177,122.91666666666667,16.09090909090909,35.20304532401076
MK Lomror,527,135.47557840616966,15.057142857142857,35.200410227214334
MF Maharoof,177,142.74193548387098,12.642857142857142,35.17370400147027
Rashid Khan,635,146.99074074074073,8.819444444444445,35.168854126220374
JA Morkel,975,136.93820224719101,14.552238805970148,35.1358987745391
Bipul Sharma,187,150.80645161290323,11.0,34.875743714962915
S Sohal,368,118.32797427652733,18.4,34.75863448864735
KH Pandya,1982,128.78492527615336,16.11382113821138,34.61571462063649
MC Henriques,1000,124.84394506866417,18.51851851851852,34.58041122842626
LA Pomersbach,302,120.3187250996016,18.875,34.457960490048464
R Tewatia,1302,130.98591549295776,14.307692307692308,34.27044210075213
HC Brook,190,119.49685534591194,17.272727272727273,34.14973725212263
EJG Morgan,1406,119.05165114309906,19.0,34.09183211500253
A Ashish Reddy,280,142.85714285714286,12.173913043478262,33.872640231207875
SC Ganguly,1349,101.73453996983409,24.089285714285715,33.793831196314464
Ramandeep Singh,299,141.03773584905662,11.5,33.69651326019801
Anmolpreet Singh,139,118.80341880341881,15.444444444444445,33.63814949155769
MS Bisla,798,108.27679782903662,20.46153846153846,33.59177187032285
C de Grandhomme,303,132.31441048034935,14.428571428571429,33.46706163330495
Washington Sundar,888,128.8824383164006,15.05084745762712,33.44243157246891
Arshad Khan,142,139.2156862745098,11.833333333333334,33.3390993919273
GJ Bailey,663,120.1086956521739,18.416666666666668,33.17569368584429
Mandeep Singh,1706,120.31029619181946,17.587628865979383,33.17218155087286
AR Patel,2089,127.76758409785933,15.58955223880597,32.97987068422742
RA Jadeja,3526,125.21306818181819,17.2,32.88417484935812
MK Tiwary,1695,113.83478844862324,20.42168674698795,32.865300155459224
LRPL Taylor,1017,120.07083825265643,18.833333333333332,32.86114011923482
MV Boucher,394,123.89937106918238,17.130434782608695,32.85018602111213
SS Tiwary,1494,115.72424477149497,20.465753424657535,32.81755841596675
NLTC Perera,424,130.06134969325154,14.133333333333333,32.10497154414927
YV Takawale,192,104.91803278688525,19.2,31.65351242077395
Y Venugopal Rao,985,113.87283236994219,18.942307692307693,31.45451706346865
AD Mathews,724,120.86811352253757,17.658536585365855,31.10413882247255
Harbhajan Singh,833,130.9748427672956,9.465909090909092,30.92496256238082
Gurkeerat Singh,511,117.20183486238531,15.96875,30.89950799168172
DJ Bravo,1560,125.10024057738573,14.181818181818182,30.8792737164072
DJM Short,115,112.74509803921569,16.428571428571427,30.710807859906218
TL Suman,676,115.1618398637138,17.333333333333332,30.68832227583081
JC Archer,326,140.51724137931035,8.15,30.5322580665739
NV Ojha,1554,114.26470588235293,16.53191489361702,30.407120148409778
A Manohar,292,120.16460905349795,14.6,30.350010448568366
AP Tare,339,118.94736842105263,12.555555555555555,30.16538389827473
Shakib Al Hasan,795,119.54887218045114,15.288461538461538,30.017283161240655
STR Binny,880,125.71428571428571,13.333333333333334,29.823455269797392
DJ Hooda,1497,123.41302555647155,14.821782178217822,29.748435322698754
KM Jadhav,1208,119.36758893280633,14.91358024691358,29.530051691815874
JP Faulkner,527,129.80295566502463,11.71111111111111,29.30849689870172
JEC Franklin,327,105.8252427184466,20.4375,29.28312702827583
Anuj Rawat,318,115.21739130434783,15.142857142857142,29.122831610352172
DB Ravi Teja,375,115.38461538461537,15.0,28.278714919613424
DJG Sammy,295,117.52988047808766,14.75,28.24259542079129
NK Patel,121,97.58064516129032,20.166666666666668,27.909619596355284
N Jagadeesan,162,104.51612903225806,16.2,27.865191426898505
DH Yagnik,170,119.71830985915493,10.0,27.64898045986929
DB Das,304,113.85767790262172,13.818181818181818,27.605138202669266
AL Menaria,401,109.26430517711172,17.434782608695652,27.540356597634563
DL Chahar,142,135.23809523809524,7.1,27.4357659465251
MD Mishra,237,111.26760563380283,13.941176470588236,27.43230140657189
Shahbaz Ahmed,603,116.86046511627907,15.075,27.361765782391128
AB McDonald,123,119.41747572815532,13.666666666666666,27.23270967661963
CA Ingram,205,112.02185792349727,13.666666666666666,27.135867477825528
IK Pathan,1150,116.75126903553299,14.024390243902438,27.0765990041754
BB Samantray,125,107.75862068965519,15.625,26.590943875464173
Sachin Baby,144,117.07317073170731,13.090909090909092,26.418519718221194
SN Thakur,349,126.44927536231884,8.116279069767442,26.413197008672274
CA Pujara,390,96.7741935483871,17.727272727272727,26.373425412119882
FY Fazal,183,102.23463687150837,16.636363636363637,26.189099076028672
J Botha,409,112.36263736263736,14.607142857142858,26.044374106696054
AM Nayar,672,114.28571428571428,13.44,25.894186809408737
P Negi,365,121.26245847176081,10.428571428571429,25.83795555051005
W Jaffer,130,100.7751937984496,16.25,25.724222362340637
TK Curran,127,117.59259259259258,12.7,25.405082854051663
B Chipli,280,109.375,13.333333333333334,25.336403689680196
LR Shukla,405,113.12849162011173,12.272727272727273,25.216394914983187
CM Gautam,169,106.9620253164557,13.0,25.129936786459307
VVS Laxman,282,104.0590405904059,14.1,25.08490689146756
SS Prabhudessai,126,111.50442477876106,12.6,24.823469342877843
RJ Quiney,103,98.09523809523809,14.714285714285714,24.463668420761003
GD Phillips,132,117.85714285714286,10.153846153846153,24.062365989123517
JO Holder,324,119.11764705882352,9.529411764705882,23.922480882092824
PK Garg,273,110.5263157894737,14.368421052631579,23.838843183202872
S Anirudha,136,112.39669421487604,11.333333333333334,23.769808637407692
Harpreet Singh,123,103.36134453781514,15.375,23.732464790260615
AS Raut,194,112.79069767441861,12.125,23.383755697945535
B Lee,124,121.56862745098039,6.526315789473684,23.22712824223279
UBT Chand,300,95.54140127388536,15.0,23.17154014519449
R Sathish,270,114.40677966101696,11.25,23.106691574715576
PA Reddy,164,98.20359281437125,16.4,22.91319570596837
Y Nagar,285,105.1660516605166,14.25,22.89906900293253
Harpreet Brar,249,114.74654377880185,9.222222222222221,22.756277717749718
Lalit Yadav,305,101.32890365448506,14.523809523809524,22.713875517190232
RE van der Merwe,159,110.41666666666667,10.6,22.56526606983666
M Manhas,514,105.76131687242798,13.526315789473685,22.49991179251713
MS Wade,183,98.91891891891892,13.071428571428571,22.46603787923757
MC Juneja,125,93.28358208955224,17.857142857142858,22.194194671023638
AA Jhunjhunwala,217,99.54128440366972,14.466666666666667,22.008453996164405
Aman Hakim Khan,115,105.50458715596329,11.5,21.99166403083228
R Dhawan,210,111.70212765957446,9.545454545454545,21.93155326298021
R Ashwin,833,114.42307692307692,8.956989247311828,21.601770230250807
DT Christian,460,112.74509803921569,11.21951219512195,21.453973384456457
N Saini,140,97.9020979020979,14.0,21.306156650122542
KV Sharma,352,114.65798045602607,8.8,20.941142576867055
DJ Jacobs,92,91.0891089108911,13.142857142857142,20.940156436615858
SP Goswami,293,95.43973941368078,13.952380952380953,20.83848023234072
R Bhatia,342,117.9310344827586,7.276595744680851,20.798613299878546
AB Agarkar,179,111.87499999999999,9.944444444444445,20.758895552420846
JD Unadkat,201,116.18497109826589,7.178571428571429,20.70635299697911
M Kaif,259,100.3875968992248,11.772727272727273,19.479681253688227
SB Styris,131,97.76119402985076,13.1,19.238998369176727
K Goel,218,91.21338912133892,13.625,19.105940148008376
HV Patel,280,112.00000000000001,6.363636363636363,18.845426694858112
PP Chawla,624,107.58620689655172,7.255813953488372,18.581417377946188
S Gopal,180,104.04624277456647,8.181818181818182,17.88013062146552
K Rabada,262,102.34375,7.705882352941177,17.2956918362813
TG Southee,120,111.11111111111111,6.315789473684211,16.954930877180292
RD Chahar,129,101.5748031496063,5.863636363636363,16.63610847185682
R Vinay Kumar,310,107.26643598615917,7.380952380952381,16.498752570037308
MN Samuels,161,92.52873563218391,11.5,16.046831907176358
DL Vettori,121,102.54237288135593,7.5625,16.045387476997554
P Kumar,340,105.26315789473684,5.964912280701754,15.973505863250104
JDP Oram,106,96.36363636363636,9.636363636363637,15.785496934493072
R McLaren,159,89.32584269662921,12.23076923076923,15.390258221816634
MJ Santner,136,103.03030303030303,6.476190476190476,15.380844772229924
M Jansen,192,103.2258064516129,7.68,15.2754114025439
M Kartik,113,103.6697247706422,8.071428571428571,13.933379675583135
GH Vihari,284,85.80060422960725,12.347826086956522,13.743994080366273
DW Steyn,167,102.45398773006136,5.0606060606060606,13.142885730970692
CJ Ferguson,98,82.35294117647058,12.25,13.071254816266109
MG Johnson,167,99.40476190476191,5.964285714285714,13.048268232957017
UT Yadav,208,98.5781990521327,4.333333333333333,12.623333027484673
P Dogra,127,90.0709219858156,10.583333333333334,12.375694987582404
RJ Harris,117,104.46428571428572,5.571428571428571,12.246351583700966
Mohammed Shami,115,99.13793103448276,3.3823529411764706,12.008433213205953
SK Warne,198,90.41095890410958,7.333333333333333,11.458463135080267
A Mishra,381,86.5909090909091,6.927272727272728,9.411707046763535
B Kumar,354,90.3061224489796,4.72,9.341924232748653
MA Starc,111,90.98360655737704,5.045454545454546,9.28918788754224
IR Jaggi,76,76.0,10.857142857142858,8.986613567988485
DS Kulkarni,104,92.03539823008849,5.2,8.86774233682676
SL Malinga,88,85.43689320388349,4.4,8.641366054126772
MM Sharma,125,89.28571428571429,4.166666666666667,8.243950877912178
Mohammed Siraj,117,81.25,5.086956521739131,8.10274153188876
Z Khan,117,82.97872340425532,4.333333333333333,6.850083473263527
RT Ponting,91,70.54263565891473,10.11111111111111,6.51485918084488
Kuldeep Yadav,210,79.84790874524715,5.121951219512195,5.902085217229015
