bowler,wickets,economy,wickets_per_innings,bowling_impact
Sohail Tanvir,22.0,6.226415094339623,2.0,95.0
CK Langeveldt,13.0,7.236363636363636,1.8571428571428572,78.92186424451711
Umar Gul,12.0,7.764705882352942,2.0,77.24676313785224
CRD Fernando,17.0,7.373493975903614,1.7,73.55931633887371
MA Wood,11.0,9.070866141732283,2.2,71.89951447067784
AD Mascarenhas,19.0,7.064516129032258,1.4615384615384615,70.90736470907363
T Thushara,8.0,6.833333333333333,1.3333333333333333,70.37427476331123
R Rampaul,16.0,6.884892086330935,1.3333333333333333,69.76280519298615
SL Malinga,170.0,7.032952252858103,1.3934426229508197,69.55943298531638
SMSM Senanayake,9.0,6.492307692307692,1.125,69.45495599961018
DE Bollinger,37.0,7.16,1.3703703703703705,67.57489958994466
A Chandila,11.0,6.282051282051283,0.9166666666666666,67.12303314318872
IS Sodhi,9.0,6.725274725274725,1.125,66.47789637561041
JW Hastings,3.0,6.491803278688526,1.0,66.33663366336631
MF Maharoof,27.0,7.238095238095237,1.35,66.2248466749509
A Kumble,45.0,6.646998982706002,1.0714285714285714,66.11560881362861
SM Harwood,3.0,6.6268656716417915,1.0,64.58492003046457
WPUJC Vaas,18.0,7.583333333333333,1.3846153846153846,63.58080228986551
FH Edwards,5.0,6.4,0.8333333333333334,63.40283066768215
SP Narine,209.0,6.823255813953488,1.045,63.286537059793744
DW Steyn,97.0,6.791411042944785,1.0210526315789474,63.07128510816915
M Muralitharan,64.0,6.698292220113853,0.9696969696969697,62.92952361263582
RE van der Merwe,21.0,6.791208791208791,1.0,62.547416056019344
SE Bond,9.0,7.068062827225131,1.125,62.45427138867733
JJ Bumrah,190.0,7.25,1.2025316455696202,62.41155912253751
L Ngidi,42.0,8.213953488372093,1.5555555555555556,62.20548768876364
Imran Tahir,82.0,7.741791044776119,1.3898305084745763,62.20521851641181
KMDN Kulasekara,5.0,6.841121495327102,1.0,61.94798546689475
SM Pollock,11.0,6.578571428571429,0.8461538461538461,61.356864827048966
M Pathirana,47.0,7.949811794228356,1.4242424242424243,61.17965161900805
BW Hilfenhaus,22.0,7.646153846153846,1.2941176470588236,60.71385302992183
NM Coulter-Nile,48.0,7.5672645739910305,1.263157894736842,60.70060261086837
Rashid Khan,179.0,7.347280334728033,1.1699346405228759,60.57766111184759
GD McGrath,12.0,6.674772036474164,0.8571428571428571,60.40919395488458
SR Dubey,5.0,7.586206896551724,1.25,60.18754760091392
RJ Harris,45.0,7.526011560693642,1.2162162162162162,59.931221333329276
Azhar Mahmood,29.0,7.684782608695652,1.2608695652173914,59.51584334990906
SK Warne,57.0,7.187244480784955,1.0555555555555556,59.4091327615303
KK Cooper,33.0,7.89,1.32,59.10564434624217
PD Collingwood,5.0,6.733333333333333,0.8333333333333334,59.0869359213149
MM Patel,74.0,7.523878437047757,1.1746031746031746,58.91191426961824
C Bosch,13.0,8.87719298245614,1.625,58.86649806284976
A Mishra,174.0,7.304878048780488,1.0740740740740742,58.621957397143774
DP Nannes,28.0,7.097242380261249,0.9655172413793104,58.1426455691736
Harbhajan Singh,150.0,7.038329519450801,0.9375,58.10025570779182
A Zampa,31.0,8.286315789473683,1.4090909090909092,57.95067194336696
A Nehra,106.0,7.711246200607903,1.2045454545454546,57.85857111604857
CV Varun,111.0,7.668038408779149,1.1808510638297873,57.6739251480638
DL Vettori,28.0,6.83312101910828,0.8235294117647058,57.63171377722669
S Lamichhane,13.0,8.445497630331754,1.4444444444444444,57.565371921807554
YS Chahal,233.0,7.920806335493161,1.266304347826087,57.48821305990748
K Rabada,151.0,8.635490605427975,1.495049504950495,57.37695681598688
R Sharma,40.0,7.0588235294117645,0.9090909090909091,57.15986983313716
SW Tait,23.0,7.50561797752809,1.0952380952380953,57.108207695152615
M Morkel,77.0,7.5432607416127135,1.1,56.85628588788006
GB Hogg,23.0,7.532188841201716,1.0952380952380953,56.84596692974455
AP Dole,5.0,9.36986301369863,1.6666666666666667,56.60333239801712
A Singh,28.0,7.888888888888889,1.2173913043478262,56.55038712689395
E Malinga,33.0,8.767441860465116,1.5,56.528294892333555
AJ Tye,42.0,8.445378151260504,1.4,56.45519546214093
PP Hinge,14.0,10.964285714285714,2.0,56.27718058701385
B Kumar,226.0,7.605368001677501,1.0970873786407767,56.179431040171
R Ashwin,187.0,7.051355792933443,0.8617511520737328,56.0600876188006
YA Abdulla,15.0,8.405405405405405,1.3636363636363635,55.86029169328013
JC Archer,84.0,8.037394451145959,1.2352941176470589,55.69114343474458
O Thomas,5.0,8.095238095238095,1.25,55.56275480489226
PP Ojha,89.0,7.40051413881748,0.9888888888888889,55.50525507387689
CH Morris,96.0,7.918933925596891,1.1851851851851851,55.47688985159045
JR Hazlewood,72.0,8.525535420098848,1.3846153846153846,55.44941885492896
OC McCoy,11.0,8.5,1.375,55.405643788360734
Z Khan,102.0,7.539543057996484,1.0303030303030303,55.15033456008322
MJ McClenaghan,71.0,8.197622585438335,1.2678571428571428,55.148350561218216
Naveen-ul-Haq,25.0,8.874692874692874,1.4705882352941178,55.0239104125683
CR Woakes,30.0,8.734341252699783,1.4285714285714286,54.983757171817224
RP Singh,90.0,7.7385272145144075,1.0975609756097562,54.928877143699765
Gurkeerat Singh,5.0,7.097560975609756,0.8333333333333334,54.83451893960213
WD Parnell,35.0,7.6622691292875995,1.0606060606060606,54.72258764337972
Mohsin Khan,38.0,8.256637168141593,1.2666666666666666,54.632102586959164
Noor Ahmad,61.0,8.050832602979842,1.196078431372549,54.59487737035007
J Botha,25.0,6.922425952045134,0.7352941176470589,54.372414708308625
S Aravind,45.0,8.048223350253807,1.1842105263157894,54.320648421768624
B Stanlake,7.0,8.0,1.1666666666666667,54.299949225691805
Iqbal Abdulla,40.0,7.158006362672323,0.8333333333333334,54.170677837014466
MA Starc,76.0,8.606012658227847,1.3571428571428572,54.150605405909516
KW Richardson,19.0,8.330434782608695,1.2666666666666666,54.033451683051716
P Awana,39.0,8.108527131782946,1.1818181818181819,53.74524950656561
MG Johnson,62.0,8.024596464258263,1.1481481481481481,53.62320891682448
KMA Paul,9.0,7.966666666666667,1.125,53.55010205317281
Anand Rajan,8.0,7.62962962962963,1.0,53.51895533093264
Shakib Al Hasan,63.0,7.3821782178217825,0.9,53.47029866406912
DJ Bravo,183.0,8.075242718446603,1.1582278481012658,53.43911683425285
Sakib Hussain,15.0,8.737226277372264,1.3636363636363635,53.33928708081912
JE Taylor,6.0,8.213114754098362,1.2,53.32353571607735
JO Holder,70.0,8.315953307392995,1.2280701754385965,53.185176118195585
J Theron,11.0,7.940425531914894,1.1,53.15655588561577
PWH de Silva,46.0,8.42079207920792,1.2432432432432432,52.72917079847772
Mustafizur Rahman,65.0,7.945031712473573,1.0833333333333333,52.69915084090388
S Badree,11.0,7.505703422053232,0.9166666666666666,52.64307571159268
Sandeep Sharma,151.0,7.937481031866465,1.0633802816901408,52.267129701258256
Ashwani Kumar,17.0,10.285714285714285,1.7,52.134424980959636
MJ Santner,30.0,7.4147727272727275,0.8571428571428571,52.06662064463361
TA Boult,145.0,8.286307053941908,1.1693548387096775,51.957341169236116
M Ntini,7.0,7.23943661971831,0.7777777777777778,51.905007920726234
AG Murtaza,9.0,7.182156133828997,0.75,51.82524374033199
AC Thomas,14.0,7.63302752293578,0.9333333333333333,51.81973411838226
L Balaji,76.0,7.940279542566708,1.0410958904109588,51.685245090184196
AJ Hosein,9.0,8.194285714285714,1.125,51.60463875885497
VY Mahesh,21.0,8.540389972144848,1.2352941176470589,51.6025557005763
SK Trivedi,65.0,7.491329479768787,0.8666666666666667,51.535711263434024
HV Patel,151.0,8.593067068575735,1.2479338842975207,51.5180539308919
RD Chahar,75.0,7.708333333333334,0.9493670886075949,51.50645444291263
MM Ali,41.0,7.153049482163406,0.7192982456140351,51.373817254484266
MR Marsh,37.0,8.124789207419898,1.088235294117647,51.267948728177224
AM Salvi,7.0,7.884615384615385,1.0,51.15393903367822
Harmeet Singh,27.0,7.80836236933798,0.9642857142857143,50.95214663462904
BAW Mendis,8.0,7.403225806451613,0.8,50.75541717067635
MJ Clarke,2.0,6.545454545454545,0.4,50.63214013709063
AR Patel,139.0,7.424567188788129,0.8034682080924855,50.62548539099569
Shahid Afridi,9.0,7.686486486486487,0.9,50.47800958284727
W O'Rourke,6.0,12.375,2.0,50.47600913937548
PP Chawla,192.0,7.977920410783056,1.0052356020942408,50.4571975802526
Mohammad Hafeez,2.0,6.761904761904762,0.5,50.40346802827628
S Sreesanth,40.0,7.736008447729672,0.9090909090909091,50.240600983175256
A Choudhary,5.0,8.0,1.0,50.13328255902514
Karanveer Singh,12.0,9.098591549295774,1.3333333333333333,50.04540999467891
MG Bracewell,6.0,8.636363636363637,1.2,49.99418767787709
R Bhatia,71.0,7.437688139674895,0.7802197802197802,49.91170068444916
SR Watson,92.0,7.698642957416939,0.8761904761904762,49.768149573271224
Kuldeep Yadav,112.0,8.190924657534246,1.0467289719626167,49.67580354675066
JA Morkel,85.0,7.998893193137797,0.9770114942528736,49.568220511597325
KK Ahmed,91.0,8.688110281447445,1.1973684210526316,49.54360433726799
Kamran Khan,10.0,8.406779661016948,1.1111111111111112,49.53630908996608
Mujeeb Ur Rahman,20.0,8.07741935483871,1.0,49.46480148137693
AB McDonald,11.0,8.393617021276597,1.1,49.36261109293145
S Gopal,52.0,8.148,1.0196078431372548,49.35663534499313
R Sai Kishore,33.0,8.817610062893081,1.2222222222222223,49.221768440423546
SS Cottrell,6.0,8.106870229007633,1.0,49.21385880439413
S Randiv,6.0,7.433333333333334,0.75,49.20015522593998
Ramandeep Singh,7.0,8.636363636363637,1.1666666666666667,49.160854344543765
Akash Madhwal,24.0,9.542553191489361,1.411764705882353,49.15314762003297
C Sakariya,20.0,8.129436325678498,1.0,49.02280971252274
A Nortje,61.0,8.930710008554321,1.2448979591836735,48.987301777869
PV Tambe,28.0,7.70919881305638,0.8484848484848485,48.97627220529833
P Parameswaran,9.0,8.528301886792452,1.125,48.937804561599805
NT Ellis,19.0,8.507692307692308,1.1176470588235294,48.912469245991794
M Prasidh Krishna,91.0,8.671747414262384,1.1666666666666667,48.897240115145806
AB Dinda,69.0,7.940843297671492,0.92,48.652859096948866
BE Hendricks,9.0,9.13375796178344,1.2857142857142858,48.61882804216786
V Pratap Singh,10.0,8.530805687203792,1.1111111111111112,48.57138021494457
DL Chahar,96.0,7.9871027176416405,0.9320388349514563,48.54687488926114
MM Sharma,134.0,8.58842573856738,1.1260504201680672,48.50605728746192
KH Pandya,107.0,7.45088161209068,0.7278911564625851,48.47064912578997
Mohammed Shami,145.0,8.504777594728171,1.0984848484848484,48.45589020601449
Ravi Bishnoi,83.0,8.148626817447497,0.9764705882352941,48.2729364327665
Arshdeep Singh,111.0,8.76603599446239,1.168421052631579,48.24902754673768
J Yadav,8.0,6.738693467336684,0.4,48.18768944524807
DS Kulkarni,86.0,8.037313432835822,0.9347826086956522,48.179055487181074
BJ Hodge,17.0,7.815126050420169,0.85,48.033160946367595
SB Styris,8.0,7.513513513513514,0.7272727272727273,47.83095492725808
P Kumar,90.0,7.604095563139931,0.7563025210084033,47.67208600423081
IK Pathan,80.0,7.698059630856601,0.7920792079207921,47.67085971429479
V Puthur,6.0,8.95890410958904,1.2,47.66823647784679
M Theekshana,36.0,8.15521064301552,0.9473684210526315,47.49010316226027
B Lee,25.0,7.3755458515283845,0.6578947368421053,47.48563313015779
R Vinay Kumar,105.0,8.346752058554436,1.0096153846153846,47.47623194483717
JA Duffy,9.0,10.23076923076923,1.5,47.42575689032177
MN Samuels,9.0,7.808219178082192,0.8181818181818182,47.30085964061994
RA Jadeja,180.0,7.657657657657658,0.759493670886076,47.23862979688197
N Thushara,9.0,8.757575757575758,1.125,47.224990249224554
JL Pattinson,11.0,8.675675675675677,1.1,47.20143994989002
S Nadeem,48.0,7.4792243767313025,0.6857142857142857,47.13244840967612
P Negi,34.0,7.809004092769442,0.8095238095238095,47.07722690162443
M Kartik,31.0,7.197969543147208,0.5636363636363636,46.995480604803454
Harshit Rana,40.0,9.251840942562593,1.25,46.94629907667865
M Tiwari,4.0,8.399999999999999,1.0,46.81209879229682
Mohammed Siraj,128.0,8.477064220183486,1.024,46.80824719834621
S Kaul,58.0,8.588045234248789,1.0545454545454545,46.72131156508601
UT Yadav,144.0,8.354858934169279,0.9795918367346939,46.66077994434934
Ankit Sharma,12.0,7.247999999999999,0.5714285714285714,46.65521842920046
PJ Cummins,87.0,8.749867233138609,1.0875,46.34361934883891
AM Ghazanfar,15.0,9.873417721518988,1.3636363636363635,45.99055171789367
JP Behrendorff,19.0,8.91292875989446,1.1176470588235294,45.93066943546062
M Ashwin,35.0,7.897550111358575,0.7954545454545454,45.92440184080883
D Wiese,16.0,8.73615635179153,1.0666666666666667,45.92286564743206
DR Sams,14.0,8.143958868894602,0.875,45.77541888804264
IC Pandey,18.0,7.791044776119403,0.75,45.75383433568821
Avesh Khan,94.0,9.048913043478262,1.146341463414634,45.7072799212379
KP Pietersen,7.0,7.266666666666666,0.5384615384615384,45.63329303996032
Mohammad Nabi,15.0,7.5465393794749405,0.6521739130434783,45.628497946543455
JP Faulkner,61.0,8.620046620046619,1.0166666666666666,45.533147570487806
Shivam Mavi,30.0,8.366812227074236,0.9375,45.51307474873872
SB Jakati,47.0,8.032697547683924,0.8245614035087719,45.46341727048407
KV Sharma,83.0,8.42830540037244,0.9540229885057471,45.439597971337875
DT Christian,38.0,7.926247288503254,0.7755102040816326,45.170004603989874
Yash Raj Punja,9.0,9.064516129032258,1.125,45.067605155670236
Harpreet Brar,37.0,7.933714285714286,0.7708333333333334,44.98683007096334
JH Kallis,65.0,7.8310172317954425,0.7303370786516854,44.89670932420949
J Suchith,19.0,8.350230414746544,0.9047619047619048,44.82704911201402
Umran Malik,29.0,9.07514450867052,1.1153846153846154,44.75513119660814
J Little,11.0,8.669491525423728,1.0,44.74731592265927
LH Ferguson,55.0,8.87979094076655,1.0576923076923077,44.665416846162366
SN Thakur,120.0,9.054777070063695,1.1009174311926606,44.53174685095868
YK Pathan,42.0,7.3125,0.5121951219512195,44.495369583141034
SJ Srivastava,14.0,8.705882352941176,1.0,44.47829398324448
RR Powar,13.0,7.28668171557562,0.5,44.460846213303064
BA Bhatt,12.0,8.07920792079208,0.8,44.44950943058107
KR Sen,14.0,9.31764705882353,1.1666666666666667,44.43703985783194
PJ Sangwan,38.0,8.399999999999999,0.9047619047619048,44.43114641134444
A Symonds,20.0,7.711111111111111,0.6666666666666666,44.412869019112065
DJ Muthuswami,4.0,7.714285714285715,0.6666666666666666,44.383092155369376
A Kamboj,31.0,9.625730994152047,1.24,44.35377415674084
I Sharma,96.0,8.165750196386488,0.8205128205128205,44.230406557139226
VG Arora,47.0,9.183673469387754,1.119047619047619,44.12013563993762
JP Duminy,23.0,7.249643366619115,0.46938775510204084,44.08674776425838
RP Meredith,19.0,8.978313253012049,1.0555555555555556,43.92249007509446
GC Viljoen,7.0,9.41095890410959,1.1666666666666667,43.843296405555904
JD Unadkat,114.0,8.786600496277917,0.991304347826087,43.67214080703244
KP Appanna,9.0,7.864864864864865,0.6923076923076923,43.63934014337198
T Natarajan,74.0,8.86940527283875,1.0136986301369864,43.63915145045366
M de Lange,5.0,8.844827586206897,1.0,43.471492898277674
Brijesh Sharma,14.0,9.131313131313131,1.0769230769230769,43.41540348725138
M Siddharth,9.0,8.860103626943005,1.0,43.36272898544916
TG Southee,47.0,8.434231378763867,0.8703703703703703,43.30176929033347
DJ Willey,6.0,7.520361990950226,0.5454545454545454,43.21787427284799
Rasikh Salam,29.0,9.504835589941973,1.16,43.091056189304474
HF Gurney,7.0,8.485207100591715,0.875,43.020082805673546
Yuvraj Singh,36.0,7.421768707482993,0.4931506849315068,42.89588380111212
R Tewatia,32.0,7.7390300230946885,0.6153846153846154,42.86978367280982
MC Henriques,42.0,7.9795709908069465,0.7,42.81184082605353
Prince Yadav,19.0,8.778947368421054,0.95,42.69488978504933
R Dhawan,25.0,7.982683982683984,0.6944444444444444,42.64568403695033
RN ten Doeschate,2.0,6.795180722891567,0.2,42.49939232875823
Mukesh Choudhary,25.0,9.140625,1.0416666666666667,42.471744585701174
N Burger,21.0,9.66579634464752,1.1666666666666667,42.28017069878038
VR Aaron,44.0,8.60281690140845,0.88,42.246118234310956
Washington Sundar,40.0,7.745362563237773,0.5882352941176471,42.132104978218344
J Overton,14.0,9.345622119815667,1.0769230769230769,42.01420028211287
B Laughlin,10.0,9.5195530726257,1.1111111111111112,41.77807813284037
Yash Thakur,27.0,10.023952095808383,1.2272727272727273,41.73280541453649
MS Gony,37.0,8.542702702702702,0.8409090909090909,41.72524302982253
Harsh Dubey,13.0,9.84,1.1818181818181819,41.637015483912364
PC Valthaty,7.0,8.117647058823529,0.7,41.62248749958608
ST Jayasuriya,13.0,7.893687707641195,0.6190476190476191,41.548797736916555
NLTC Perera,31.0,8.651748251748252,0.8611111111111112,41.407082913394675
Akash Singh,13.0,9.515625,1.0833333333333333,41.10782881054305
AD Russell,123.0,9.259416445623343,1.0165289256198347,41.060181905177366
TS Mills,11.0,9.605504587155963,1.1,40.97583237495008
WA Mota,4.0,7.84,0.5714285714285714,40.84236131619441
RS Bopara,11.0,8.47887323943662,0.7857142857142857,40.83706128087891
AA Chavan,8.0,7.976470588235294,0.6153846153846154,40.72363499113696
Mohammad Asif,8.0,9.256281407035175,1.0,40.66736791444116
A Ashish Reddy,18.0,8.88888888888889,0.9,40.65879664889565
D Pretorius,6.0,8.746987951807228,0.8571428571428571,40.60568144726561
VS Malik,6.0,7.584905660377358,0.46153846153846156,40.488626933875935
TL Suman,6.0,7.815789473684211,0.5454545454545454,40.41346442336541
SK Raina,25.0,7.348387096774193,0.36231884057971014,40.375828436758255
Bipul Sharma,17.0,7.9954128440366965,0.6071428571428571,40.3518682498463
M Markande,37.0,9.0390625,0.925,40.240939205116575
AS Roy,15.0,8.239316239316238,0.6818181818181818,40.15295281523046
CR Brathwaite,13.0,8.661654135338345,0.8125,40.11805026656512
B Akhil,6.0,7.647668393782384,0.46153846153846156,39.88492188806122
Yash Dayal,41.0,9.208695652173914,0.9534883720930233,39.81606748450466
TU Deshpande,55.0,9.542713567839195,1.0377358490566038,39.801443533150874
KA Jamieson,16.0,9.676190476190477,1.0666666666666667,39.71816260971947
Shivam Sharma,4.0,8.68421052631579,0.8,39.63823305407464
K Kartikeya,12.0,8.524137931034483,0.75,39.59476371460895
BA Stokes,28.0,8.489626556016598,0.7368421052631579,39.53190441154602
M Jansen,45.0,9.280296022201666,0.9574468085106383,39.4475543471308
SB Wagh,5.0,8.166666666666668,0.625,39.334918087570124
Kartik Tyagi,33.0,9.476129032258065,1.0,39.268887295969414
AD Mathews,27.0,8.141263940520446,0.6136363636363636,39.264006880140066
JD Ryder,8.0,7.817427385892117,0.5,39.262143387293165
CH Gayle,18.0,7.756849315068493,0.47368421052631576,39.16165051365849
S Sandeep Warrier,8.0,8.761363636363637,0.8,39.072445257096796
AS Joseph,21.0,9.343612334801762,0.9545454545454546,38.9676016072938
Navdeep Saini,24.0,8.61055634807418,0.75,38.937822039582755
Anureet Singh,18.0,8.874418604651163,0.8181818181818182,38.715693049711355
RV Gomez,5.0,8.041237113402062,0.5555555555555556,38.664505503804826
DP Vijaykumar,4.0,7.735849056603773,0.4444444444444444,38.625925444326796
DS Rathi,19.0,8.919786096256685,0.8260869565217391,38.5935405455562
STR Binny,22.0,7.4926350245499185,0.3492063492063492,38.586225544623225
AS Rajpoot,24.0,8.93121693121693,0.8275862068965517,38.55096190097218
KA Pollard,69.0,8.32282471626734,0.6448598130841121,38.549522745229226
AN Ahmed,12.0,8.535911602209945,0.7058823529411765,38.40153793088749
SC Ganguly,10.0,7.928571428571429,0.5,38.26161462300075
K Gowtham,21.0,8.263772954924875,0.6,37.90708301599391
SM Curran,59.0,9.444954128440367,0.9365079365079365,37.87593210484261
KM Asif,7.0,9.734265734265733,1.0,37.70747432833469
AB Agarkar,29.0,8.590243902439024,0.6904761904761905,37.60295111919414
Vijaykumar Vyshak,26.0,9.927272727272728,1.04,37.593071817748125
G Coetzee,15.0,10.068493150684931,1.0714285714285714,37.5904611654258
CJ Jordan,30.0,9.297071129707113,0.8823529411764706,37.461725205718004
RG Sharma,15.0,7.9426934097421205,0.46875,37.35524222065064
J Syed Mohammad,8.0,8.755102040816325,0.7272727272727273,37.29980986264308
Arjun Tendulkar,4.0,8.57943925233645,0.6666666666666666,37.08951211863266
GHS Garton,3.0,8.412371134020617,0.6,36.714416916804815
BB Sran,18.0,8.918604651162791,0.75,36.69965300361145
Mukesh Kumar,43.0,10.06825938566553,1.0238095238095237,36.401271632098954
DNT Zoysa,2.0,8.695652173913043,0.6666666666666666,36.220360497588224
Jaskaran Singh,6.0,9.405405405405405,0.8571428571428571,36.14020837475941
AM Nayar,9.0,8.108786610878662,0.47368421052631576,36.0396982779964
GJ Maxwell,41.0,8.148997134670488,0.4823529411764706,35.91688362948213
P Sahu,3.0,8.523364485981308,0.6,35.85070349140178
Suyash Sharma,27.0,8.86861313868613,0.6923076923076923,35.60999689712561
DG Nalkande,6.0,10.112359550561797,1.0,35.56435643564357
Ankit Soni,2.0,7.767857142857143,0.3333333333333333,35.55094501492589
MP Yadav,9.0,9.678260869565218,0.9,35.53916054056162
Basil Thampi,22.0,9.595547309833023,0.88,35.53610954527543
P Amarnath,7.0,10.954545454545453,1.1666666666666667,35.48909511123471
Azmatullah Omarzai,15.0,9.414634146341463,0.8333333333333334,35.48681841081677
Joginder Sharma,12.0,9.286764705882353,0.8,35.469505565575744
LR Shukla,15.0,8.429447852760736,0.5555555555555556,35.46893990709115
Shoaib Ahmed,5.0,8.970873786407767,0.7142857142857143,35.44228049178544
V Shankar,9.0,8.0,0.4090909090909091,35.36055528629786
HH Pandya,82.0,9.014477211796248,0.7068965517241379,34.95670316751938
VRV Singh,12.0,8.878706199460916,0.6666666666666666,34.89745254475005
Ashok Sharma,6.0,10.279411764705882,1.0,34.66768433198553
TK Curran,13.0,10.285714285714285,1.0,34.63442498095964
S Kaushik,6.0,8.685714285714285,0.6,34.62710947208082
AL Menaria,3.0,7.646017699115044,0.25,34.61221122112211
I Udana,8.0,9.428571428571429,0.8,34.565879664889565
JEC Franklin,9.0,8.70967741935484,0.6,34.45036811373444
JDP Oram,9.0,8.901639344262295,0.6428571428571429,34.14031472056197
R McLaren,12.0,9.0,0.6666666666666666,34.05052043665904
DJG Sammy,11.0,8.704918032786885,0.5789473684210527,33.95907799110386
JR Hopes,14.0,9.138211382113822,0.7,33.946200464557805
S Tyagi,6.0,8.290909090909091,0.42857142857142855,33.40038023466892
AU Rashid,2.0,9.1,0.6666666666666666,33.36925197168913
KC Cariappa,8.0,9.348214285714285,0.7272727272727273,33.25638658201285
RJ Gleeson,2.0,9.123287671232877,0.6666666666666666,33.21274435135821
JJ van der Wath,3.0,10.578947368421051,1.0,33.13080446965478
RR Raje,6.0,8.916666666666668,0.6,32.963250314966785
Simarjeet Singh,11.0,9.6328125,0.7857142857142857,32.95401841058414
Pankaj Singh,11.0,9.106109324758842,0.6470588235294118,32.83791997958904
Parvez Rasool,4.0,8.19,0.36363636363636365,32.60617904563069
LE Plunkett,4.0,8.883116883116884,0.5714285714285714,32.48529740192064
BCJ Cutting,10.0,8.958333333333334,0.5882352941176471,32.378086961595244
Shashank Singh,5.0,9.096774193548388,0.625,32.34932791560661
DR Smith,26.0,8.88689407540395,0.5652173913043478,32.303321302029865
Lalit Yadav,10.0,8.775510204081634,0.5263157894736842,32.127678119473735
Shivang Kumar,9.0,9.4,0.6923076923076923,32.05344266014163
V Nigam,13.0,9.528239202657808,0.7222222222222222,32.00242417225307
Swapnil Singh,7.0,8.763636363636364,0.5,31.555929691277456
C Green,23.0,9.114427860696518,0.5897435897435898,31.34911660463997
Gurjapneet Singh,4.0,8.79245283018868,0.5,31.347265215131614
JDS Neesham,8.0,9.243243243243244,0.6153846153846154,31.13701046217982
PVD Chameera,13.0,9.4,0.65,30.995750352449313
P Dubey,2.0,8.50632911392405,0.4,30.981802850614738
SB Bangar,4.0,8.666666666666666,0.4444444444444444,30.879404508498187
LS Livingstone,13.0,8.80373831775701,0.48148148148148145,30.802954540105326
T Shamsi,3.0,9.25,0.6,30.70830159939071
FA Allen,2.0,8.967032967032967,0.5,30.1117781461404
Yudhvir Singh,8.0,10.63448275862069,0.8888888888888888,30.077595457839706
P Suyal,2.0,8.635514018691588,0.4,30.00054401044501
A Flintoff,2.0,9.636363636363637,0.6666666666666666,29.956482585849287
TM Dilshan,5.0,8.02909090909091,0.2,29.880583794165368
OF Smith,6.0,11.305263157894737,1.0,29.74232747726856
C de Grandhomme,6.0,8.42608695652174,0.3157894736842105,29.50118958073468
AF Milne,7.0,9.605042016806724,0.6363636363636364,29.387720722405362
Arshad Khan,18.0,10.125,0.75,29.245472624185492
Gagandeep Singh,3.0,10.142857142857142,0.75,29.148453171427658
R Shukla,5.0,10.015384615384615,0.7142857142857143,28.955745627735407
DJ Hooda,10.0,8.43989769820972,0.29411764705882354,28.85103713991308
RJW Topley,5.0,10.656,0.8333333333333334,28.582762122366077
Zeeshan Ansari,6.0,9.588516746411482,0.6,28.578745023281694
WG Jacks,10.0,9.310344827586206,0.5263157894736842,28.475234163092424
MP Stoinis,46.0,9.692307692307693,0.6133333333333333,28.288942081021283
N Rana,10.0,8.771300448430493,0.37037037037037035,28.259558298129644
JA Richardson,3.0,10.340425531914892,0.75,28.097409099884356
S Narwal,5.0,10.778761061946902,0.8333333333333334,27.986414120760315
S Ladda,5.0,9.574468085106382,0.5555555555555556,27.55301684014556
A Mithun,7.0,9.173076923076923,0.4375,27.151628669761017
HR Shokeen,5.0,9.014084507042252,0.38461538461538464,26.9023705255141
Shahbaz Ahmed,27.0,9.626666666666665,0.54,26.848140162407475
KL Nagarkoti,5.0,9.308108108108108,0.45454545454545453,26.695376586707187
MK Lomror,1.0,8.106382978723403,0.09090909090909091,26.490722966906034
Abhinandan Singh,3.0,12.2,1.0,26.122757294644977
SH Johnson,7.0,9.950617283950617,0.5833333333333334,26.044546738506646
K Khejroliya,6.0,10.343558282208589,0.6666666666666666,25.997733225279823
V Viyaskanth,1.0,9.0,0.3333333333333333,25.717187103325713
V Kohli,4.0,8.431818181818182,0.15384615384615385,25.40759725982965
Abhishek Sharma,11.0,8.95187165775401,0.3055555555555556,25.35605142400096
DJ Hussey,8.0,9.009287925696594,0.3076923076923077,25.01224864754517
Raghu Sharma,1.0,8.666666666666666,0.2,24.76829339738708
Mayank Dagar,2.0,8.91304347826087,0.25,24.238687236453472
Fazalhaq Farooqi,6.0,9.924812030075188,0.5,24.107006854531605
Y Venugopal Rao,6.0,9.135135135135135,0.3,23.96676160560981
Akash Deep,10.0,11.006622516556291,0.7142857142857143,23.93858063157845
Nithish Kumar Reddy,13.0,9.988538681948423,0.5,23.74833355836577
CJ Anderson,11.0,10.0,0.5,23.684310738766186
R Parag,9.0,9.269461077844312,0.2647058823529412,22.199308087180388
Sikandar Raza,3.0,9.954545454545455,0.42857142857142855,22.153372194061188
K Goel,0.0,8.417910447761194,0.0,21.670771823499855
Y Nagar,4.0,10.416666666666668,0.5,21.452475247524745
AK Markram,6.0,9.339130434782607,0.25,21.38262306032924
AA Jhunjhunwala,1.0,8.863636363636363,0.1,20.83762962095026
XC Bartlett,7.0,10.840148698884759,0.5384615384615384,20.32147659210365
R Shepherd,17.0,11.32283464566929,0.6071428571428571,19.844308409886974
V Sehwag,6.0,10.26086956521739,0.4,19.76577123162121
LJ Wright,2.0,10.0,0.3333333333333333,19.517644072099518
R Sathish,3.0,9.708333333333334,0.21428571428571427,18.21772488761398
VR Iyer,3.0,10.357142857142858,0.3333333333333333,17.59364795896035
KJ Abbott,2.0,10.705882352941178,0.4,17.50546102792865
S Dube,6.0,10.62962962962963,0.3157894736842105,15.774064710566194
MJ Henry,4.0,11.349397590361445,0.4444444444444444,15.661515931112957
TM Head,3.0,11.34375,0.42857142857142855,15.289166279265288
TP Sudhindra,1.0,11.108108108108109,0.3333333333333333,13.951630985670155
KT Maphaka,2.0,12.507042253521126,0.5,12.5
Auqib Nabi,0.0,10.785714285714286,0.0,7.119709678558269
