player,runs,innings,batting_points,wickets,bowling_points,total_points,credits,role
V Kohli,9346.0,275.0,10827.0,4.0,100.0,10927.0,11.0,All-rounder
RG Sharma,7331.0,275.0,8640.0,15.0,375.0,9015.0,10.1,All-rounder
S Dhawan,6769.0,221.0,7843.0,4.0,100.0,7943.0,9.6,All-rounder
DA Warner,6567.0,184.0,7702.0,0.0,0.0,7702.0,9.5,Batter
SP Narine,1820.0,122.0,2251.0,209.0,5225.0,7476.0,9.4,Bowler
SK Raina,5536.0,200.0,6450.0,25.0,625.0,7075.0,9.2,All-rounder
AM Rahane,5367.0,197.0,6189.0,1.0,25.0,6214.0,8.8,All-rounder
RV Uthappa,4954.0,197.0,5799.0,0.0,0.0,5799.0,8.6,Batter
F du Plessis,4773.0,147.0,5561.0,0.0,0.0,5561.0,8.5,Batter
K Rabada,262.0,34.0,305.0,151.0,3775.0,4080.0,7.8,Bowler
SN Thakur,349.0,43.0,407.0,120.0,3000.0,3407.0,7.5,Bowler
