format,year,phase,runs,balls,run_rate
BBL,2011,Death,1019,698,8.76
BBL,2011,Middle,1630,1324,7.39
BBL,2011,Powerplay,1076,887,7.28
BBL,2012,Death,2549,1732,8.83
BBL,2012,Middle,4316,3578,7.24
BBL,2012,Powerplay,2826,2513,6.75
BBL,2013,Death,1308,920,8.53
BBL,2013,Middle,2322,1890,7.37
BBL,2013,Powerplay,1639,1314,7.48
BBL,2014,Death,2764,1921,8.63
BBL,2014,Middle,4829,3942,7.35
BBL,2014,Powerplay,3367,2761,7.32
BBL,2015,Death,2793,1732,9.68
BBL,2015,Middle,4449,3660,7.29
BBL,2015,Powerplay,2893,2498,6.95
BBL,2016,Death,2498,1614,9.29
BBL,2016,Middle,4435,3417,7.79
BBL,2016,Powerplay,2962,2320,7.66
BBL,2017,Death,2734,1861,8.81
BBL,2017,Middle,4953,3951,7.52
BBL,2017,Powerplay,3412,2680,7.64
BBL,2018,Death,3669,2376,9.27
BBL,2018,Middle,6134,4912,7.49
BBL,2018,Powerplay,4107,3352,7.35
BBL,2019,Death,4562,3086,8.87
BBL,2019,Middle,8041,6536,7.38
BBL,2019,Powerplay,5690,4584,7.45
BBL,2020,Death,4601,3004,9.19
BBL,2020,Middle,8506,6739,7.57
BBL,2020,Powerplay,6015,4727,7.63
BBL,2021,Death,5549,3450,9.65
BBL,2021,Middle,9551,7325,7.82
BBL,2021,Powerplay,6090,4959,7.37
BBL,2022,Death,4250,2894,8.81
BBL,2022,Middle,7725,6147,7.54
BBL,2022,Powerplay,4882,4162,7.04
BBL,2023,Death,4343,2802,9.3
BBL,2023,Middle,7644,5943,7.72
BBL,2023,Powerplay,5147,4188,7.37
BBL,2024,Death,3037,1937,9.41
BBL,2024,Middle,5420,4248,7.66
BBL,2024,Powerplay,3595,2899,7.44
BBL,2025,Death,3343,2134,9.4
BBL,2025,Middle,6239,4492,8.33
BBL,2025,Powerplay,4092,3124,7.86
BBL,2026,Death,1839,1218,9.06
BBL,2026,Middle,3674,2799,7.88
BBL,2026,Powerplay,2638,1955,8.1
CPL,2013,Death,1751,1160,9.06
CPL,2013,Middle,2455,2485,5.93
CPL,2013,Powerplay,1803,1740,6.22
CPL,2014,Death,2028,1263,9.63
CPL,2014,Middle,3550,3024,7.04
CPL,2014,Powerplay,2181,2027,6.46
CPL,2015,Death,2184,1504,8.71
CPL,2015,Middle,3796,3395,6.71
CPL,2015,Powerplay,2810,2369,7.12
CPL,2016,Death,2344,1512,9.3
CPL,2016,Middle,3968,3142,7.58
CPL,2016,Powerplay,2625,2131,7.39
CPL,2017,Death,2473,1657,8.95
CPL,2017,Middle,4075,3512,6.96
CPL,2017,Powerplay,3154,2539,7.45
CPL,2018,Death,3017,1795,10.08
CPL,2018,Middle,4640,3624,7.68
CPL,2018,Powerplay,3028,2471,7.35
CPL,2019,Death,2924,1801,9.74
CPL,2019,Middle,4459,3721,7.19
CPL,2019,Powerplay,3233,2542,7.63
CPL,2020,Death,2173,1532,8.51
CPL,2020,Middle,3509,3364,6.26
CPL,2020,Powerplay,2569,2412,6.39
CPL,2021,Death,2746,1774,9.29
CPL,2021,Middle,4390,3763,7.0
CPL,2021,Powerplay,2966,2505,7.1
CPL,2022,Death,2473,1610,9.22
CPL,2022,Middle,3903,3404,6.88
CPL,2022,Powerplay,2784,2335,7.15
CPL,2023,Death,2655,1547,10.3
CPL,2023,Middle,4209,3346,7.55
CPL,2023,Powerplay,2882,2340,7.39
CPL,2024,Death,2822,1748,9.69
CPL,2024,Middle,4541,3690,7.38
CPL,2024,Powerplay,3471,2522,8.26
CPL,2025,Death,2869,1772,9.71
CPL,2025,Middle,4442,3550,7.51
CPL,2025,Powerplay,3185,2373,8.05
CPL,2026,Death,2615,1638,9.58
CPL,2026,Middle,4681,3826,7.34
CPL,2026,Powerplay,3335,2617,7.65
CSA T20 Challenge,2012,Death,1970,1313,9.0
CSA T20 Challenge,2012,Middle,3554,3006,7.09
CSA T20 Challenge,2012,Powerplay,2592,2177,7.14
CSA T20 Challenge,2013,Death,2044,1343,9.13
CSA T20 Challenge,2013,Middle,3122,2745,6.82
CSA T20 Challenge,2013,Powerplay,2006,1870,6.44
CSA T20 Challenge,2014,Death,4121,2788,8.87
CSA T20 Challenge,2014,Middle,6790,5821,7.0
CSA T20 Challenge,2014,Powerplay,4634,4110,6.76
CSA T20 Challenge,2015,Death,1755,1183,8.9
CSA T20 Challenge,2015,Middle,2985,2526,7.09
CSA T20 Challenge,2015,Powerplay,2040,1750,6.99
CSA T20 Challenge,2016,Death,1945,1275,9.15
CSA T20 Challenge,2016,Middle,3332,2634,7.59
CSA T20 Challenge,2016,Powerplay,2581,1972,7.85
CSA T20 Challenge,2017,Death,1614,1056,9.17
CSA T20 Challenge,2017,Middle,3195,2429,7.89
CSA T20 Challenge,2017,Powerplay,2051,1728,7.12
CSA T20 Challenge,2019,Death,1755,1118,9.42
CSA T20 Challenge,2019,Middle,2927,2329,7.54
CSA T20 Challenge,2019,Powerplay,1942,1598,7.29
CSA T20 Challenge,2021,Death,1310,871,9.02
CSA T20 Challenge,2021,Middle,1895,1769,6.43
CSA T20 Challenge,2021,Powerplay,1209,1188,6.11
CSA T20 Challenge,2022,Death,4083,2892,8.47
CSA T20 Challenge,2022,Middle,7255,6235,6.98
CSA T20 Challenge,2022,Powerplay,5046,4338,6.98
CSA T20 Challenge,2024,Death,2245,1563,8.62
CSA T20 Challenge,2024,Middle,4212,3328,7.59
CSA T20 Challenge,2024,Powerplay,2738,2269,7.24
IPL,2008,Death,4506,2828,9.56
IPL,2008,Middle,8073,6277,7.72
IPL,2008,Powerplay,5358,4384,7.33
IPL,2009,Death,4489,3073,8.76
IPL,2009,Middle,6898,6201,6.67
IPL,2009,Powerplay,4933,4321,6.85
IPL,2010,Death,5067,3301,9.21
IPL,2010,Middle,8115,6641,7.33
IPL,2010,Powerplay,5682,4547,7.5
IPL,2011,Death,5413,3715,8.74
IPL,2011,Middle,9477,7856,7.24
IPL,2011,Powerplay,6264,5442,6.91
IPL,2012,Death,6254,4090,9.17
IPL,2012,Middle,9787,8157,7.2
IPL,2012,Powerplay,6412,5520,6.97
IPL,2013,Death,6446,4193,9.22
IPL,2013,Middle,9773,8292,7.07
IPL,2013,Powerplay,6322,5667,6.69
IPL,2014,Death,5222,3257,9.62
IPL,2014,Middle,8262,6544,7.58
IPL,2014,Powerplay,5425,4487,7.25
IPL,2015,Death,5091,3099,9.86
IPL,2015,Middle,7834,6179,7.61
IPL,2015,Powerplay,5407,4363,7.44
IPL,2016,Death,5012,3104,9.69
IPL,2016,Middle,8312,6522,7.65
IPL,2016,Powerplay,5538,4470,7.43
IPL,2017,Death,4729,3077,9.22
IPL,2017,Middle,8145,6371,7.67
IPL,2017,Powerplay,5895,4401,8.04
IPL,2018,Death,5320,3319,9.62
IPL,2018,Middle,8518,6517,7.84
IPL,2018,Powerplay,6063,4450,8.17
IPL,2019,Death,5378,3342,9.66
IPL,2019,Middle,8201,6548,7.51
IPL,2019,Powerplay,5821,4403,7.93
IPL,2020,Death,5509,3381,9.78
IPL,2020,Middle,8289,6646,7.48
IPL,2020,Powerplay,5554,4483,7.43
IPL,2021,Death,4955,3352,8.87
IPL,2021,Middle,8109,6609,7.36
IPL,2021,Powerplay,5558,4452,7.49
IPL,2022,Death,6797,4180,9.76
IPL,2022,Middle,10651,8201,7.79
IPL,2022,Powerplay,6947,5531,7.54
IPL,2023,Death,6912,4228,9.81
IPL,2023,Middle,11089,8135,8.18
IPL,2023,Powerplay,7687,5500,8.39
IPL,2024,Death,6784,3924,10.37
IPL,2024,Middle,11122,7856,8.49
IPL,2024,Powerplay,8065,5323,9.09
IPL,2025,Death,6539,3825,10.26
IPL,2025,Middle,11594,7996,8.7
IPL,2025,Powerplay,8370,5454,9.21
IPL,2026,Death,6529,3885,10.08
IPL,2026,Middle,12034,8107,8.91
IPL,2026,Powerplay,8887,5531,9.64
ODI,2002,Death,327,322,6.09
ODI,2002,Middle,931,1102,5.07
ODI,2002,Powerplay,300,379,4.75
ODI,2003,Death,9329,8861,6.32
ODI,2003,Middle,27263,38442,4.26
ODI,2003,Powerplay,9937,14841,4.02
ODI,2004,Death,6793,5906,6.9
ODI,2004,Middle,19211,25974,4.44
ODI,2004,Powerplay,6780,9791,4.15
ODI,2005,Death,6188,5381,6.9
ODI,2005,Middle,16813,22212,4.54
ODI,2005,Powerplay,6160,8311,4.45
ODI,2006,Death,10296,9682,6.38
ODI,2006,Middle,30311,40699,4.47
ODI,2006,Powerplay,10346,14904,4.17
ODI,2007,Death,13171,11478,6.88
ODI,2007,Middle,39528,50908,4.66
ODI,2007,Powerplay,13698,19066,4.31
ODI,2008,Death,7665,6997,6.57
ODI,2008,Middle,25075,33146,4.54
ODI,2008,Powerplay,9434,12657,4.47
ODI,2009,Death,10216,8682,7.06
ODI,2009,Middle,31056,39502,4.72
ODI,2009,Powerplay,11360,14499,4.7
ODI,2010,Death,9468,8205,6.92
ODI,2010,Middle,28032,36288,4.63
ODI,2010,Powerplay,10639,12881,4.96
ODI,2011,Death,11933,10735,6.67
ODI,2011,Middle,36774,47165,4.68
ODI,2011,Powerplay,12821,17084,4.5
ODI,2012,Death,7964,7260,6.58
ODI,2012,Middle,24145,30561,4.74
ODI,2012,Powerplay,7902,10988,4.31
ODI,2013,Death,12939,11223,6.92
ODI,2013,Middle,38256,49133,4.67
ODI,2013,Powerplay,12335,17977,4.12
ODI,2014,Death,11059,9253,7.17
ODI,2014,Middle,32743,39997,4.91
ODI,2014,Powerplay,10660,14413,4.44
ODI,2015,Death,12713,10269,7.43
ODI,2015,Middle,39524,46344,5.12
ODI,2015,Powerplay,13469,16930,4.77
ODI,2016,Death,9523,8546,6.69
ODI,2016,Middle,30814,37372,4.95
ODI,2016,Powerplay,10771,13577,4.76
ODI,2017,Death,14505,12956,6.72
ODI,2017,Middle,45115,56807,4.77
ODI,2017,Powerplay,15379,20584,4.48
ODI,2018,Death,11117,10131,6.58
ODI,2018,Middle,35946,45008,4.79
ODI,2018,Powerplay,12952,16730,4.65
ODI,2019,Death,15147,13092,6.94
ODI,2019,Middle,46584,56580,4.94
ODI,2019,Powerplay,15207,20348,4.48
ODI,2020,Death,5003,4201,7.15
ODI,2020,Middle,14259,16902,5.06
ODI,2020,Powerplay,4637,6088,4.57
ODI,2021,Death,8646,8061,6.44
ODI,2021,Middle,27137,37170,4.38
ODI,2021,Powerplay,9541,13446,4.26
ODI,2022,Death,17923,16589,6.48
ODI,2022,Middle,58340,75614,4.63
ODI,2022,Powerplay,19407,27615,4.22
ODI,2023,Death,19578,16423,7.15
ODI,2023,Middle,66829,79495,5.04
ODI,2023,Powerplay,23673,29908,4.75
ODI,2024,Death,9764,9199,6.37
ODI,2024,Middle,39092,50485,4.65
ODI,2024,Powerplay,14441,19534,4.44
ODI,2025,Death,16682,14226,7.04
ODI,2025,Middle,54484,66780,4.9
ODI,2025,Powerplay,19268,24903,4.64
ODI,2026,Death,8372,7599,6.61
ODI,2026,Middle,29348,36660,4.8
ODI,2026,Powerplay,10231,13360,4.59
SA20,2023,Death,2423,1580,9.2
SA20,2023,Middle,4182,3418,7.34
SA20,2023,Powerplay,3097,2394,7.76
SA20,2024,Death,2686,1609,10.02
SA20,2024,Middle,4388,3378,7.79
SA20,2024,Powerplay,3162,2413,7.86
SA20,2025,Death,2864,1835,9.36
SA20,2025,Middle,5218,4189,7.47
SA20,2025,Powerplay,3571,2918,7.34
SA20,2026,Death,1892,1193,9.52
SA20,2026,Middle,3056,2410,7.61
SA20,2026,Powerplay,2156,1674,7.73
Super Smash,2013,Death,81,53,9.17
Super Smash,2013,Middle,124,111,6.7
Super Smash,2013,Powerplay,83,74,6.73
Super Smash,2014,Death,255,156,9.81
Super Smash,2014,Middle,411,328,7.52
Super Smash,2014,Powerplay,240,224,6.43
Super Smash,2017,Death,1115,683,9.8
Super Smash,2017,Middle,1872,1426,7.88
Super Smash,2017,Powerplay,1495,971,9.24
Super Smash,2018,Death,1402,900,9.35
Super Smash,2018,Middle,2621,2062,7.63
Super Smash,2018,Powerplay,1774,1411,7.54
Super Smash,2019,Death,2805,1858,9.06
Super Smash,2019,Middle,5201,3900,8.0
Super Smash,2019,Powerplay,3485,2694,7.76
Super Smash,2020,Death,3031,2140,8.5
Super Smash,2020,Middle,5101,4357,7.02
Super Smash,2020,Powerplay,3722,3002,7.44
Super Smash,2021,Death,5632,4239,7.97
Super Smash,2021,Middle,10419,9240,6.77
Super Smash,2021,Powerplay,7568,6565,6.92
Super Smash,2022,Death,3133,2252,8.35
Super Smash,2022,Middle,5668,4781,7.11
Super Smash,2022,Powerplay,3737,3316,6.76
Super Smash,2023,Death,3602,2622,8.24
Super Smash,2023,Middle,6245,5628,6.66
Super Smash,2023,Powerplay,4634,4117,6.75
Super Smash,2024,Death,3059,2302,7.97
Super Smash,2024,Middle,5957,5251,6.81
Super Smash,2024,Powerplay,3986,3736,6.4
Super Smash,2025,Death,4352,3234,8.07
Super Smash,2025,Middle,8216,6852,7.19
Super Smash,2025,Powerplay,5443,4743,6.89
Super Smash,2026,Death,3161,2205,8.6
Super Smash,2026,Middle,6022,5039,7.17
Super Smash,2026,Powerplay,4493,3541,7.61
Syed Mushtaq Ali Trophy,2016,Death,5912,4191,8.46
Syed Mushtaq Ali Trophy,2016,Middle,10032,8962,6.72
Syed Mushtaq Ali Trophy,2016,Powerplay,6466,6175,6.28
Syed Mushtaq Ali Trophy,2018,Death,5788,4071,8.53
Syed Mushtaq Ali Trophy,2018,Middle,10499,8599,7.33
Syed Mushtaq Ali Trophy,2018,Powerplay,7456,5903,7.58
Syed Mushtaq Ali Trophy,2019,Death,17637,12089,8.75
Syed Mushtaq Ali Trophy,2019,Middle,31050,26777,6.96
Syed Mushtaq Ali Trophy,2019,Powerplay,21962,19172,6.87
Syed Mushtaq Ali Trophy,2021,Death,13610,9143,8.93
Syed Mushtaq Ali Trophy,2021,Middle,21589,19396,6.68
Syed Mushtaq Ali Trophy,2021,Powerplay,14725,13452,6.57
Syed Mushtaq Ali Trophy,2022,Death,3390,2216,9.18
Syed Mushtaq Ali Trophy,2022,Middle,5508,4697,7.04
Syed Mushtaq Ali Trophy,2022,Powerplay,3881,3271,7.12
Syed Mushtaq Ali Trophy,2023,Death,2648,1768,8.99
Syed Mushtaq Ali Trophy,2023,Middle,4790,4085,7.04
Syed Mushtaq Ali Trophy,2023,Powerplay,3398,2915,6.99
Syed Mushtaq Ali Trophy,2024,Death,775,426,10.92
Syed Mushtaq Ali Trophy,2024,Middle,1171,882,7.97
Syed Mushtaq Ali Trophy,2024,Powerplay,805,599,8.06
T20I,2005,Death,232,139,10.01
T20I,2005,Middle,386,326,7.1
T20I,2005,Powerplay,291,228,7.66
T20I,2006,Death,595,416,8.58
T20I,2006,Middle,967,839,6.92
T20I,2006,Powerplay,737,610,7.25
T20I,2007,Death,2706,1846,8.8
T20I,2007,Middle,4823,3889,7.44
T20I,2007,Powerplay,3303,2750,7.21
T20I,2008,Death,867,649,8.02
T20I,2008,Middle,1618,1568,6.19
T20I,2008,Powerplay,1335,1131,7.08
T20I,2009,Death,3905,2695,8.69
T20I,2009,Middle,6293,5544,6.81
T20I,2009,Powerplay,4836,3895,7.45
T20I,2010,Death,4236,2971,8.55
T20I,2010,Middle,7077,6372,6.66
T20I,2010,Powerplay,4893,4507,6.51
T20I,2011,Death,1598,1219,7.87
T20I,2011,Middle,2759,2480,6.68
T20I,2011,Powerplay,2011,1720,7.02
T20I,2012,Death,6517,4979,7.85
T20I,2012,Middle,11782,10788,6.55
T20I,2012,Powerplay,7958,7740,6.17
T20I,2013,Death,4325,3126,8.3
T20I,2013,Middle,7338,6363,6.92
T20I,2013,Powerplay,4780,4373,6.56
T20I,2014,Death,6206,4810,7.74
T20I,2014,Middle,11097,10497,6.34
T20I,2014,Powerplay,7561,7296,6.22
T20I,2015,Death,4420,3299,8.04
T20I,2015,Middle,7306,6860,6.39
T20I,2015,Powerplay,5086,4732,6.45
T20I,2016,Death,7899,5897,8.04
T20I,2016,Middle,13783,12384,6.68
T20I,2016,Powerplay,9839,8734,6.76
T20I,2017,Death,4566,3121,8.78
T20I,2017,Middle,7956,6712,7.11
T20I,2017,Powerplay,5742,4701,7.33
T20I,2018,Death,11407,8738,7.83
T20I,2018,Middle,21466,19622,6.56
T20I,2018,Powerplay,15338,13989,6.58
T20I,2019,Death,19960,16226,7.38
T20I,2019,Middle,37349,35895,6.24
T20I,2019,Powerplay,26254,26004,6.06
T20I,2020,Death,8254,5935,8.34
T20I,2020,Middle,14602,12826,6.83
T20I,2020,Powerplay,10045,9000,6.7
T20I,2021,Death,23357,17956,7.8
T20I,2021,Middle,42833,40589,6.33
T20I,2021,Powerplay,30105,29354,6.15
T20I,2022,Death,40537,30571,7.96
T20I,2022,Middle,72989,67693,6.47
T20I,2022,Powerplay,51474,49085,6.29
T20I,2023,Death,32505,26414,7.38
T20I,2023,Middle,62673,61840,6.08
T20I,2023,Powerplay,45487,45703,5.97
T20I,2024,Death,53669,44002,7.32
T20I,2024,Middle,102289,100559,6.1
T20I,2024,Powerplay,74034,72900,6.09
T20I,2025,Death,51396,42511,7.25
T20I,2025,Middle,101002,98169,6.17
T20I,2025,Powerplay,74376,72131,6.19
T20I,2026,Death,46871,37354,7.53
T20I,2026,Middle,90608,85707,6.34
T20I,2026,Powerplay,67304,62521,6.46
WPL,2023,Death,1611,1031,9.38
WPL,2023,Middle,2932,2329,7.55
WPL,2023,Powerplay,1998,1639,7.31
WPL,2024,Death,1663,1114,8.96
WPL,2024,Middle,3009,2410,7.49
WPL,2024,Powerplay,1909,1653,6.93
WPL,2025,Death,1795,1119,9.62
WPL,2025,Middle,3243,2447,7.95
WPL,2025,Powerplay,1992,1650,7.24
WPL,2026,Death,1938,1180,9.85
WPL,2026,Middle,3201,2415,7.95
WPL,2026,Powerplay,2075,1655,7.52
Women's BBL,2015,Death,324,286,6.8
Women's BBL,2015,Middle,595,677,5.27
Women's BBL,2015,Powerplay,397,449,5.31
Women's BBL,2016,Death,1078,894,7.23
Women's BBL,2016,Middle,2045,2044,6.0
Women's BBL,2016,Powerplay,1176,1428,4.94
Women's BBL,2017,Death,3082,2323,7.96
Women's BBL,2017,Middle,5397,5010,6.46
Women's BBL,2017,Powerplay,3531,3448,6.14
Women's BBL,2018,Death,4149,3247,7.67
Women's BBL,2018,Middle,7958,7288,6.55
Women's BBL,2018,Powerplay,5299,4942,6.43
Women's BBL,2019,Death,5222,3796,8.25
Women's BBL,2019,Middle,8953,7848,6.84
Women's BBL,2019,Powerplay,5632,5475,6.17
Women's BBL,2020,Death,3016,2317,7.81
Women's BBL,2020,Middle,6036,5395,6.71
Women's BBL,2020,Powerplay,3906,3939,5.95
Women's BBL,2021,Death,3645,2690,8.13
Women's BBL,2021,Middle,6340,5842,6.51
Women's BBL,2021,Powerplay,4121,4149,5.96
Women's BBL,2022,Death,3690,2661,8.32
Women's BBL,2022,Middle,6873,5917,6.97
Women's BBL,2022,Powerplay,4187,4201,5.98
Women's BBL,2023,Death,4193,2921,8.61
Women's BBL,2023,Middle,7314,6216,7.06
Women's BBL,2023,Powerplay,4783,4394,6.53
Women's BBL,2024,Death,2920,2084,8.41
Women's BBL,2024,Middle,5345,4456,7.2
Women's BBL,2024,Powerplay,3457,3139,6.61
Women's BBL,2025,Death,2712,1829,8.9
Women's BBL,2025,Middle,5339,4122,7.77
Women's BBL,2025,Powerplay,3556,3121,6.84
Women's CPL,2022,Death,202,203,5.97
Women's CPL,2022,Middle,321,385,5.0
Women's CPL,2022,Powerplay,215,283,4.56
Women's CPL,2023,Death,447,322,8.33
Women's CPL,2023,Middle,748,701,6.4
Women's CPL,2023,Powerplay,605,521,6.97
Women's CPL,2024,Death,386,360,6.43
Women's CPL,2024,Middle,746,777,5.76
Women's CPL,2024,Powerplay,487,526,5.56
Women's CPL,2025,Death,481,375,7.7
Women's CPL,2025,Middle,827,796,6.23
Women's CPL,2025,Powerplay,532,537,5.94
Women's CPL,2026,Death,461,380,7.28
Women's CPL,2026,Middle,867,782,6.65
Women's CPL,2026,Powerplay,684,615,6.67
