format,phase,runs,balls,wickets,boundaries,dots,innings,run_rate,boundary_pct,dot_pct,runs_per_innings,wickets_per_innings
BBL,Death,50858,33379,2903,5768,9099,1212,9.14,17.28,27.26,41.96,2.4
BBL,Middle,89868,70903,3239,8819,21274,1302,7.6,12.44,30.0,69.02,2.49
BBL,Powerplay,60431,48923,2054,8031,20660,1318,7.41,16.42,42.23,45.85,1.56
CPL,Death,35074,22313,1834,4240,6538,798,9.43,19.0,29.3,43.95,2.3
CPL,Middle,56618,47846,2193,5650,16950,870,7.1,11.81,35.43,65.08,2.52
CPL,Powerplay,40026,32923,1435,5687,15692,878,7.29,17.27,47.66,45.59,1.63
CSA T20 Challenge,Death,22842,15402,1199,2502,4099,558,8.9,16.24,26.61,40.94,2.15
CSA T20 Challenge,Middle,39267,32822,1491,3585,10117,607,7.18,10.92,30.82,64.69,2.46
CSA T20 Challenge,Powerplay,26839,23000,953,3727,10550,618,7.0,16.2,45.87,43.43,1.54
IPL,Death,106952,67173,5383,13241,18145,2356,9.55,19.71,27.01,45.4,2.28
IPL,Middle,174283,135655,5708,18760,41777,2468,7.71,13.83,30.8,70.62,2.31
IPL,Powerplay,120188,92729,3583,18182,41266,2480,7.78,19.61,44.5,48.46,1.44
ODI,Death,266321,235277,12836,27212,88517,4685,6.79,11.57,37.62,56.85,2.74
ODI,Middle,837610,1060346,24560,77678,548938,6233,4.74,7.33,51.77,134.38,3.94
ODI,Powerplay,291348,390814,8816,39328,251249,6293,4.47,10.06,64.29,46.3,1.4
SA20,Death,9865,6217,516,1218,1780,220,9.52,19.59,28.63,44.84,2.35
SA20,Middle,16844,13395,648,1761,4305,249,7.54,13.15,32.14,67.65,2.6
SA20,Powerplay,11986,9399,431,1756,4219,253,7.65,18.68,44.89,47.38,1.7
Super Smash,Death,31628,22644,2029,3448,6389,825,8.38,15.23,28.21,38.34,2.46
Super Smash,Middle,57857,48975,2289,5733,15782,903,7.09,11.71,32.22,64.07,2.53
Super Smash,Powerplay,40660,34394,1531,5716,15690,917,7.09,16.62,45.62,44.34,1.67
Syed Mushtaq Ali Trophy,Death,49760,33904,2882,5936,9662,1246,8.81,17.51,28.5,39.94,2.31
Syed Mushtaq Ali Trophy,Middle,84639,73398,3247,8485,24463,1368,6.92,11.56,33.33,61.87,2.37
Syed Mushtaq Ali Trophy,Powerplay,58693,51487,2188,8430,23964,1386,6.84,16.37,46.54,42.35,1.58
T20I,Death,336028,264874,23401,35064,89760,9572,7.61,13.24,33.89,35.11,2.44
T20I,Middle,628996,597522,29484,59294,234000,11116,6.32,9.92,39.16,56.58,2.65
T20I,Powerplay,452789,433104,19168,59470,215010,11374,6.27,13.73,49.64,39.81,1.69
WPL,Death,7007,4444,397,983,1269,164,9.46,22.12,28.56,42.73,2.42
WPL,Middle,12385,9601,416,1621,3203,176,7.74,16.88,33.36,70.37,2.36
WPL,Powerplay,7974,6597,265,1306,3227,176,7.25,19.8,48.92,45.31,1.51
Women's BBL,Death,34031,25048,2232,3819,7157,921,8.15,15.25,28.57,36.95,2.42
Women's BBL,Middle,62195,54815,2440,6667,19248,1014,6.81,12.16,35.11,61.34,2.41
Women's BBL,Powerplay,40045,38685,1479,5413,18756,1029,6.21,13.99,48.48,38.92,1.44
Women's CPL,Death,1977,1640,170,211,583,59,7.23,12.87,35.55,33.51,2.88
Women's CPL,Middle,3509,3441,164,351,1402,65,6.12,10.2,40.74,53.98,2.52
Women's CPL,Powerplay,2523,2482,89,347,1303,66,6.1,13.98,52.5,38.23,1.35
