format,team,phase,runs,balls,wickets,side,run_rate
BBL,Adelaide Strikers,Death,6470,4347,394,Batting,8.93
BBL,Adelaide Strikers,Middle,11260,8938,407,Batting,7.56
BBL,Adelaide Strikers,Powerplay,7722,6081,243,Batting,7.62
BBL,Brisbane Heat,Death,6572,4248,396,Batting,9.28
BBL,Brisbane Heat,Middle,11024,8869,431,Batting,7.46
BBL,Brisbane Heat,Powerplay,7784,6083,280,Batting,7.68
BBL,Hobart Hurricanes,Death,6607,4262,365,Batting,9.3
BBL,Hobart Hurricanes,Middle,11436,8743,391,Batting,7.85
BBL,Hobart Hurricanes,Powerplay,7425,5919,243,Batting,7.53
BBL,Melbourne Renegades,Death,5812,3964,355,Batting,8.8
BBL,Melbourne Renegades,Middle,10369,8552,415,Batting,7.27
BBL,Melbourne Renegades,Powerplay,7252,5850,258,Batting,7.44
BBL,Melbourne Stars,Death,5923,4024,341,Batting,8.83
BBL,Melbourne Stars,Middle,11366,8768,375,Batting,7.78
BBL,Melbourne Stars,Powerplay,7442,6127,267,Batting,7.29
BBL,Perth Scorchers,Death,6898,4301,342,Batting,9.62
BBL,Perth Scorchers,Middle,12424,9503,382,Batting,7.84
BBL,Perth Scorchers,Powerplay,7769,6528,267,Batting,7.14
BBL,Sydney Sixers,Death,6488,4214,342,Batting,9.24
BBL,Sydney Sixers,Middle,11692,9213,439,Batting,7.61
BBL,Sydney Sixers,Powerplay,7666,6406,266,Batting,7.18
BBL,Sydney Thunder,Death,6088,4019,368,Batting,9.09
BBL,Sydney Thunder,Middle,10297,8317,399,Batting,7.43
BBL,Sydney Thunder,Powerplay,7371,5929,230,Batting,7.46
CPL,Antigua Hawksbills,Death,490,332,35,Batting,8.86
CPL,Antigua Hawksbills,Middle,871,811,38,Batting,6.44
CPL,Antigua Hawksbills,Powerplay,582,555,25,Batting,6.29
CPL,Antigua and Barbuda Falcons,Death,1298,827,60,Batting,9.42
CPL,Antigua and Barbuda Falcons,Middle,1774,1633,83,Batting,6.52
CPL,Antigua and Barbuda Falcons,Powerplay,1377,1085,48,Batting,7.61
CPL,Barbados Royals,Death,2060,1322,105,Batting,9.35
CPL,Barbados Royals,Middle,3389,2831,133,Batting,7.18
CPL,Barbados Royals,Powerplay,2457,1936,87,Batting,7.61
CPL,Barbados Tridents,Death,4011,2541,204,Batting,9.47
CPL,Barbados Tridents,Middle,5362,4839,233,Batting,6.65
CPL,Barbados Tridents,Powerplay,3666,3297,143,Batting,6.67
CPL,Guyana Amazon Warriors,Death,5900,3633,281,Batting,9.74
CPL,Guyana Amazon Warriors,Middle,10223,8432,382,Batting,7.27
CPL,Guyana Amazon Warriors,Powerplay,6826,5826,241,Batting,7.03
CPL,Jamaica Kingsmen,Death,488,285,22,Batting,10.27
CPL,Jamaica Kingsmen,Middle,727,605,31,Batting,7.21
CPL,Jamaica Kingsmen,Powerplay,566,411,20,Batting,8.26
CPL,Jamaica Tallawahs,Death,4835,3025,257,Batting,9.59
CPL,Jamaica Tallawahs,Middle,7644,6470,295,Batting,7.09
CPL,Jamaica Tallawahs,Powerplay,5118,4386,179,Batting,7.0
CPL,St Kitts and Nevis Patriots,Death,4790,3108,281,Batting,9.25
CPL,St Kitts and Nevis Patriots,Middle,7622,6422,322,Batting,7.12
CPL,St Kitts and Nevis Patriots,Powerplay,5504,4472,187,Batting,7.38
CPL,St Lucia Kings,Death,2392,1571,125,Batting,9.14
CPL,St Lucia Kings,Middle,4250,3396,170,Batting,7.51
CPL,St Lucia Kings,Powerplay,3352,2355,106,Batting,8.54
CPL,St Lucia Stars,Death,711,460,49,Batting,9.27
CPL,St Lucia Stars,Middle,1213,1016,43,Batting,7.16
CPL,St Lucia Stars,Powerplay,802,714,37,Batting,6.74
CPL,St Lucia Zouks,Death,1918,1373,122,Batting,8.38
CPL,St Lucia Zouks,Middle,3292,2903,144,Batting,6.8
CPL,St Lucia Zouks,Powerplay,2609,2034,83,Batting,7.7
CPL,Trinbago Knight Riders,Death,5267,3180,239,Batting,9.94
CPL,Trinbago Knight Riders,Middle,8433,6915,258,Batting,7.32
CPL,Trinbago Knight Riders,Powerplay,6016,4759,227,Batting,7.58
CPL,Trinidad & Tobago Red Steel,Death,914,656,54,Batting,8.36
CPL,Trinidad & Tobago Red Steel,Middle,1818,1573,61,Batting,6.93
CPL,Trinidad & Tobago Red Steel,Powerplay,1151,1093,52,Batting,6.32
CSA T20 Challenge,Boland,Death,835,558,45,Batting,8.98
CSA T20 Challenge,Boland,Middle,1376,1197,58,Batting,6.9
CSA T20 Challenge,Boland,Powerplay,985,829,34,Batting,7.13
CSA T20 Challenge,Cape Cobras,Death,3085,1967,147,Batting,9.41
CSA T20 Challenge,Cape Cobras,Middle,4740,3985,159,Batting,7.14
CSA T20 Challenge,Cape Cobras,Powerplay,3353,2807,104,Batting,7.17
CSA T20 Challenge,Dolphins,Death,3626,2421,169,Batting,8.99
CSA T20 Challenge,Dolphins,Middle,5662,4909,227,Batting,6.92
CSA T20 Challenge,Dolphins,Powerplay,3930,3453,153,Batting,6.83
CSA T20 Challenge,Impi,Death,245,216,24,Batting,6.81
CSA T20 Challenge,Impi,Middle,470,415,24,Batting,6.8
CSA T20 Challenge,Impi,Powerplay,357,302,12,Batting,7.09
CSA T20 Challenge,Knights,Death,3170,2247,204,Batting,8.46
CSA T20 Challenge,Knights,Middle,5723,4835,216,Batting,7.1
CSA T20 Challenge,Knights,Powerplay,3925,3349,132,Batting,7.03
CSA T20 Challenge,Lions,Death,3439,2290,158,Batting,9.01
CSA T20 Challenge,Lions,Middle,5738,4827,221,Batting,7.13
CSA T20 Challenge,Lions,Powerplay,3911,3383,126,Batting,6.94
CSA T20 Challenge,North West,Death,750,549,47,Batting,8.2
CSA T20 Challenge,North West,Middle,1317,1140,52,Batting,6.93
CSA T20 Challenge,North West,Powerplay,951,790,36,Batting,7.22
CSA T20 Challenge,Titans,Death,3691,2403,169,Batting,9.22
CSA T20 Challenge,Titans,Middle,7041,5382,239,Batting,7.85
CSA T20 Challenge,Titans,Powerplay,4541,3785,153,Batting,7.2
CSA T20 Challenge,Warriors,Death,3334,2225,189,Batting,8.99
CSA T20 Challenge,Warriors,Middle,5697,4858,229,Batting,7.04
CSA T20 Challenge,Warriors,Powerplay,3911,3437,155,Batting,6.83
CSA T20 Challenge,Western Province,Death,659,516,46,Batting,7.66
CSA T20 Challenge,Western Province,Middle,1458,1219,60,Batting,7.18
CSA T20 Challenge,Western Province,Powerplay,940,827,45,Batting,6.82
IPL,Chennai Super Kings,Death,12392,7550,496,Batting,9.85
IPL,Chennai Super Kings,Middle,18646,14653,570,Batting,7.64
IPL,Chennai Super Kings,Powerplay,12553,9893,356,Batting,7.61
IPL,Delhi Capitals,Death,11502,7354,575,Batting,9.38
IPL,Delhi Capitals,Middle,19207,15260,649,Batting,7.55
IPL,Delhi Capitals,Powerplay,13501,10468,470,Batting,7.74
IPL,Gujarat Lions,Death,1159,787,64,Batting,8.84
IPL,Gujarat Lions,Middle,2144,1654,80,Batting,7.78
IPL,Gujarat Lions,Powerplay,1553,1117,44,Batting,8.34
IPL,Gujarat Titans,Death,3660,2189,166,Batting,10.03
IPL,Gujarat Titans,Middle,6085,4299,160,Batting,8.49
IPL,Gujarat Titans,Powerplay,3998,2891,90,Batting,8.3
IPL,Kochi Tuskers Kerala,Death,390,305,36,Batting,7.67
IPL,Kochi Tuskers Kerala,Middle,831,744,27,Batting,6.7
IPL,Kochi Tuskers Kerala,Powerplay,680,533,23,Batting,7.65
IPL,Kolkata Knight Riders,Death,11156,7061,577,Batting,9.48
IPL,Kolkata Knight Riders,Middle,19102,14993,635,Batting,7.64
IPL,Kolkata Knight Riders,Powerplay,13348,10385,434,Batting,7.71
IPL,Lucknow Super Giants,Death,3448,2119,165,Batting,9.76
IPL,Lucknow Super Giants,Middle,5577,4041,182,Batting,8.28
IPL,Lucknow Super Giants,Powerplay,3728,2691,104,Batting,8.31
IPL,Mumbai Indians,Death,13238,8064,670,Batting,9.85
IPL,Mumbai Indians,Middle,20464,15963,666,Batting,7.69
IPL,Mumbai Indians,Powerplay,13896,10935,408,Batting,7.62
IPL,Pune Warriors,Death,1733,1282,115,Batting,8.11
IPL,Pune Warriors,Middle,2730,2481,107,Batting,6.6
IPL,Pune Warriors,Powerplay,1895,1680,76,Batting,6.77
IPL,Punjab Kings,Death,11933,7540,610,Batting,9.5
IPL,Punjab Kings,Middle,19916,15162,672,Batting,7.88
IPL,Punjab Kings,Powerplay,13677,10374,417,Batting,7.91
IPL,Rajasthan Royals,Death,10372,6689,542,Batting,9.3
IPL,Rajasthan Royals,Middle,17794,13760,624,Batting,7.76
IPL,Rajasthan Royals,Powerplay,12225,9308,335,Batting,7.88
IPL,Rising Pune Supergiant,Death,681,440,38,Batting,9.29
IPL,Rising Pune Supergiant,Middle,1004,862,30,Batting,6.99
IPL,Rising Pune Supergiant,Powerplay,785,598,22,Batting,7.88
IPL,Rising Pune Supergiants,Death,530,324,27,Batting,9.81
IPL,Rising Pune Supergiants,Middle,895,734,25,Batting,7.32
IPL,Rising Pune Supergiants,Powerplay,638,522,16,Batting,7.33
IPL,Royal Challengers Bangalore,Death,10514,6352,510,Batting,9.93
IPL,Royal Challengers Bangalore,Middle,16259,12903,536,Batting,7.56
IPL,Royal Challengers Bangalore,Powerplay,10878,8932,338,Batting,7.31
IPL,Royal Challengers Bengaluru,Death,2138,1170,89,Batting,10.96
IPL,Royal Challengers Bengaluru,Middle,3744,2491,114,Batting,9.02
IPL,Royal Challengers Bengaluru,Powerplay,2758,1706,62,Batting,9.7
IPL,Sunrisers Hyderabad,Death,12106,7947,703,Batting,9.14
IPL,Sunrisers Hyderabad,Middle,19885,15655,631,Batting,7.62
IPL,Sunrisers Hyderabad,Powerplay,14075,10696,388,Batting,7.9
ODI,Africa XI,Death,253,199,11,Batting,7.63
ODI,Africa XI,Middle,726,870,26,Batting,5.01
ODI,Africa XI,Powerplay,232,315,10,Batting,4.42
ODI,Asia XI,Death,295,236,15,Batting,7.5
ODI,Asia XI,Middle,638,749,14,Batting,5.11
ODI,Asia XI,Powerplay,256,276,7,Batting,5.57
ODI,Australia,Death,29767,24419,1235,Batting,7.31
ODI,Australia,Middle,84532,100201,2002,Batting,5.06
ODI,Australia,Powerplay,30626,36925,742,Batting,4.98
ODI,Bangladesh,Death,15014,14362,797,Batting,6.27
ODI,Bangladesh,Middle,48493,66528,1597,Batting,4.37
ODI,Bangladesh,Powerplay,16584,24396,608,Batting,4.08
ODI,Bermuda,Death,270,354,22,Batting,4.58
ODI,Bermuda,Middle,1171,1708,53,Batting,4.11
ODI,Bermuda,Powerplay,419,771,32,Batting,3.26
ODI,Canada,Death,2439,2519,163,Batting,5.81
ODI,Canada,Middle,7704,11372,287,Batting,4.06
ODI,Canada,Powerplay,2966,4198,116,Batting,4.24
ODI,England,Death,25617,21498,1159,Batting,7.15
ODI,England,Middle,81940,96732,2175,Batting,5.08
ODI,England,Powerplay,29084,35909,778,Batting,4.86
ODI,Hong Kong,Death,480,489,31,Batting,5.89
ODI,Hong Kong,Middle,1830,2870,88,Batting,3.83
ODI,Hong Kong,Powerplay,774,1057,22,Batting,4.39
ODI,ICC World XI,Middle,245,301,12,Batting,4.88
ODI,ICC World XI,Powerplay,129,124,5,Batting,6.24
ODI,India,Death,30722,25777,1304,Batting,7.15
ODI,India,Middle,93987,110882,2122,Batting,5.09
ODI,India,Powerplay,31980,40206,798,Batting,4.77
ODI,Ireland,Death,7291,6976,423,Batting,6.27
ODI,Ireland,Middle,24667,32417,816,Batting,4.57
ODI,Ireland,Powerplay,8205,12242,298,Batting,4.02
ODI,Jersey,Death,228,198,13,Batting,6.91
ODI,Jersey,Middle,543,729,11,Batting,4.47
ODI,Jersey,Powerplay,157,250,9,Batting,3.77
ODI,Kenya,Death,1116,1229,62,Batting,5.45
ODI,Kenya,Middle,4524,6775,192,Batting,4.01
ODI,Kenya,Powerplay,1505,2522,74,Batting,3.58
ODI,Namibia,Death,2889,2658,153,Batting,6.52
ODI,Namibia,Middle,9377,12896,351,Batting,4.36
ODI,Namibia,Powerplay,2969,4798,121,Batting,3.71
ODI,Nepal,Death,3257,3137,184,Batting,6.23
ODI,Nepal,Middle,11111,15043,381,Batting,4.43
ODI,Nepal,Powerplay,3718,5546,146,Batting,4.02
ODI,Netherlands,Death,3445,3387,211,Batting,6.1
ODI,Netherlands,Middle,13068,18624,546,Batting,4.21
ODI,Netherlands,Powerplay,4673,6837,159,Batting,4.1
ODI,New Zealand,Death,22514,18581,1033,Batting,7.27
ODI,New Zealand,Middle,68503,82998,1887,Batting,4.95
ODI,New Zealand,Powerplay,24064,31263,714,Batting,4.62
ODI,Oman,Death,2726,2553,128,Batting,6.41
ODI,Oman,Middle,8514,11980,308,Batting,4.26
ODI,Oman,Powerplay,2942,4381,100,Batting,4.03
ODI,Pakistan,Death,23778,21147,1182,Batting,6.75
ODI,Pakistan,Middle,72174,91924,2051,Batting,4.71
ODI,Pakistan,Powerplay,23028,33105,676,Batting,4.17
ODI,Papua New Guinea,Death,2070,2228,136,Batting,5.57
ODI,Papua New Guinea,Middle,7558,12003,395,Batting,3.78
ODI,Papua New Guinea,Powerplay,2877,4378,116,Batting,3.94
ODI,Scotland,Death,5690,4757,240,Batting,7.18
ODI,Scotland,Middle,16686,21597,557,Batting,4.64
ODI,Scotland,Powerplay,6222,8260,197,Batting,4.52
ODI,South Africa,Death,24542,20105,1018,Batting,7.32
ODI,South Africa,Middle,74943,89736,1878,Batting,5.01
ODI,South Africa,Powerplay,25983,33248,632,Batting,4.69
ODI,Sri Lanka,Death,23408,22359,1303,Batting,6.28
ODI,Sri Lanka,Middle,75184,96570,2215,Batting,4.67
ODI,Sri Lanka,Powerplay,27472,35540,815,Batting,4.64
ODI,Thailand,Death,379,485,34,Batting,4.69
ODI,Thailand,Middle,1891,2799,93,Batting,4.05
ODI,Thailand,Powerplay,681,1072,21,Batting,3.81
ODI,United Arab Emirates,Death,4731,4601,261,Batting,6.17
ODI,United Arab Emirates,Middle,14894,21743,574,Batting,4.11
ODI,United Arab Emirates,Powerplay,5483,7819,209,Batting,4.21
ODI,United States of America,Death,3661,3393,180,Batting,6.47
ODI,United States of America,Middle,11347,14996,342,Batting,4.54
ODI,United States of America,Powerplay,3827,5429,152,Batting,4.23
ODI,West Indies,Death,18384,16455,920,Batting,6.7
ODI,West Indies,Middle,63118,82127,2124,Batting,4.61
ODI,West Indies,Powerplay,21878,30545,758,Batting,4.3
ODI,Zimbabwe,Death,11319,11142,615,Batting,6.1
ODI,Zimbabwe,Middle,38242,53176,1463,Batting,4.31
ODI,Zimbabwe,Powerplay,12614,19402,501,Batting,3.9
SA20,Durban's Super Giants,Death,1756,1024,87,Batting,10.29
SA20,Durban's Super Giants,Middle,2645,2050,100,Batting,7.74
SA20,Durban's Super Giants,Powerplay,1788,1398,67,Batting,7.67
SA20,Joburg Super Kings,Death,1412,900,75,Batting,9.41
SA20,Joburg Super Kings,Middle,2607,2105,107,Batting,7.43
SA20,Joburg Super Kings,Powerplay,1865,1519,68,Batting,7.37
SA20,MI Cape Town,Death,1528,974,88,Batting,9.41
SA20,MI Cape Town,Middle,2946,2178,115,Batting,8.12
SA20,MI Cape Town,Powerplay,2030,1521,44,Batting,8.01
SA20,Paarl Royals,Death,1613,1101,84,Batting,8.79
SA20,Paarl Royals,Middle,2827,2424,111,Batting,7.0
SA20,Paarl Royals,Powerplay,2138,1664,79,Batting,7.71
SA20,Pretoria Capitals,Death,1623,1034,93,Batting,9.42
SA20,Pretoria Capitals,Middle,2728,2195,113,Batting,7.46
SA20,Pretoria Capitals,Powerplay,2077,1539,91,Batting,8.1
SA20,Sunrisers Eastern Cape,Death,1933,1184,89,Batting,9.8
SA20,Sunrisers Eastern Cape,Middle,3091,2443,102,Batting,7.59
SA20,Sunrisers Eastern Cape,Powerplay,2088,1758,82,Batting,7.13
Super Smash,Auckland,Death,5302,3869,329,Batting,8.22
Super Smash,Auckland,Middle,9618,8108,349,Batting,7.12
Super Smash,Auckland,Powerplay,6308,5593,255,Batting,6.77
Super Smash,Canterbury,Death,5589,3983,341,Batting,8.42
Super Smash,Canterbury,Middle,10131,8490,396,Batting,7.16
Super Smash,Canterbury,Powerplay,6950,5983,269,Batting,6.97
Super Smash,Central Districts,Death,5789,4052,365,Batting,8.57
Super Smash,Central Districts,Middle,9667,8112,359,Batting,7.15
Super Smash,Central Districts,Powerplay,6452,5683,257,Batting,6.81
Super Smash,Northern Districts,Death,4570,3420,312,Batting,8.02
Super Smash,Northern Districts,Middle,9317,7950,433,Batting,7.03
Super Smash,Northern Districts,Powerplay,6738,5560,247,Batting,7.27
Super Smash,Otago,Death,4810,3492,335,Batting,8.26
Super Smash,Otago,Middle,9250,8046,409,Batting,6.9
Super Smash,Otago,Powerplay,6714,5682,267,Batting,7.09
Super Smash,Wellington,Death,5568,3828,347,Batting,8.73
Super Smash,Wellington,Middle,9874,8269,343,Batting,7.16
Super Smash,Wellington,Powerplay,7498,5893,236,Batting,7.63
Syed Mushtaq Ali Trophy,Andhra,Death,1597,958,77,Batting,10.0
Syed Mushtaq Ali Trophy,Andhra,Middle,2247,1939,84,Batting,6.95
Syed Mushtaq Ali Trophy,Andhra,Powerplay,1473,1332,68,Batting,6.64
Syed Mushtaq Ali Trophy,Arunachal Pradesh,Death,657,538,54,Batting,7.33
Syed Mushtaq Ali Trophy,Arunachal Pradesh,Middle,901,1143,73,Batting,4.73
Syed Mushtaq Ali Trophy,Arunachal Pradesh,Powerplay,807,868,42,Batting,5.58
Syed Mushtaq Ali Trophy,Assam,Death,1220,896,81,Batting,8.17
Syed Mushtaq Ali Trophy,Assam,Middle,2126,1908,85,Batting,6.69
Syed Mushtaq Ali Trophy,Assam,Powerplay,1596,1373,76,Batting,6.97
Syed Mushtaq Ali Trophy,Baroda,Death,2278,1382,101,Batting,9.89
Syed Mushtaq Ali Trophy,Baroda,Middle,3356,2981,123,Batting,6.75
Syed Mushtaq Ali Trophy,Baroda,Powerplay,2361,2056,76,Batting,6.89
Syed Mushtaq Ali Trophy,Bengal,Death,1255,951,80,Batting,7.92
Syed Mushtaq Ali Trophy,Bengal,Middle,2854,2313,98,Batting,7.4
Syed Mushtaq Ali Trophy,Bengal,Powerplay,2185,1630,66,Batting,8.04
Syed Mushtaq Ali Trophy,Bihar,Death,821,633,63,Batting,7.78
Syed Mushtaq Ali Trophy,Bihar,Middle,1235,1309,56,Batting,5.66
Syed Mushtaq Ali Trophy,Bihar,Powerplay,840,892,41,Batting,5.65
Syed Mushtaq Ali Trophy,Chandigarh,Death,662,386,30,Batting,10.29
Syed Mushtaq Ali Trophy,Chandigarh,Middle,934,729,29,Batting,7.69
Syed Mushtaq Ali Trophy,Chandigarh,Powerplay,643,514,16,Batting,7.51
Syed Mushtaq Ali Trophy,Chhattisgarh,Death,1347,826,75,Batting,9.78
Syed Mushtaq Ali Trophy,Chhattisgarh,Middle,1862,1603,64,Batting,6.97
Syed Mushtaq Ali Trophy,Chhattisgarh,Powerplay,1298,1153,48,Batting,6.75
Syed Mushtaq Ali Trophy,Delhi,Death,2000,1211,69,Batting,9.91
Syed Mushtaq Ali Trophy,Delhi,Middle,3376,2647,115,Batting,7.65
Syed Mushtaq Ali Trophy,Delhi,Powerplay,2313,1913,79,Batting,7.25
Syed Mushtaq Ali Trophy,Goa,Death,1251,921,86,Batting,8.15
Syed Mushtaq Ali Trophy,Goa,Middle,2226,1980,106,Batting,6.75
Syed Mushtaq Ali Trophy,Goa,Powerplay,1551,1374,61,Batting,6.77
Syed Mushtaq Ali Trophy,Gujarat,Death,1372,921,81,Batting,8.94
Syed Mushtaq Ali Trophy,Gujarat,Middle,2532,2197,103,Batting,6.91
Syed Mushtaq Ali Trophy,Gujarat,Powerplay,2151,1615,74,Batting,7.99
Syed Mushtaq Ali Trophy,Haryana,Death,1417,921,77,Batting,9.23
Syed Mushtaq Ali Trophy,Haryana,Middle,2551,2126,93,Batting,7.2
Syed Mushtaq Ali Trophy,Haryana,Powerplay,1884,1488,66,Batting,7.6
Syed Mushtaq Ali Trophy,Himachal,Death,1103,766,59,Batting,8.64
Syed Mushtaq Ali Trophy,Himachal,Middle,1887,1563,73,Batting,7.24
Syed Mushtaq Ali Trophy,Himachal,Powerplay,1124,1076,43,Batting,6.27
Syed Mushtaq Ali Trophy,Himachal Pradesh,Middle,315,239,11,Batting,7.91
Syed Mushtaq Ali Trophy,Himachal Pradesh,Powerplay,218,186,7,Batting,7.03
Syed Mushtaq Ali Trophy,Hyderabad (India),Death,1467,983,98,Batting,8.95
Syed Mushtaq Ali Trophy,Hyderabad (India),Middle,2253,1978,91,Batting,6.83
Syed Mushtaq Ali Trophy,Hyderabad (India),Powerplay,1564,1369,64,Batting,6.85
Syed Mushtaq Ali Trophy,Jammu & Kashmir,Death,880,666,59,Batting,7.93
Syed Mushtaq Ali Trophy,Jammu & Kashmir,Middle,1866,1685,92,Batting,6.64
Syed Mushtaq Ali Trophy,Jammu & Kashmir,Powerplay,1232,1154,44,Batting,6.41
Syed Mushtaq Ali Trophy,Jharkhand,Death,1517,953,75,Batting,9.55
Syed Mushtaq Ali Trophy,Jharkhand,Middle,2471,2008,82,Batting,7.38
Syed Mushtaq Ali Trophy,Jharkhand,Powerplay,1657,1395,44,Batting,7.13
Syed Mushtaq Ali Trophy,Karnataka,Death,2244,1362,117,Batting,9.89
Syed Mushtaq Ali Trophy,Karnataka,Middle,3699,2944,109,Batting,7.54
Syed Mushtaq Ali Trophy,Karnataka,Powerplay,2599,2007,77,Batting,7.77
Syed Mushtaq Ali Trophy,Kerala,Death,1534,1002,86,Batting,9.19
Syed Mushtaq Ali Trophy,Kerala,Middle,2625,2132,75,Batting,7.39
Syed Mushtaq Ali Trophy,Kerala,Powerplay,1703,1456,58,Batting,7.02
Syed Mushtaq Ali Trophy,Madhya Pradesh,Death,1511,976,91,Batting,9.29
Syed Mushtaq Ali Trophy,Madhya Pradesh,Middle,2656,2169,93,Batting,7.35
Syed Mushtaq Ali Trophy,Madhya Pradesh,Powerplay,1800,1531,64,Batting,7.05
Syed Mushtaq Ali Trophy,Maharashtra,Death,1446,939,78,Batting,9.24
Syed Mushtaq Ali Trophy,Maharashtra,Middle,2580,2075,85,Batting,7.46
Syed Mushtaq Ali Trophy,Maharashtra,Powerplay,1699,1466,62,Batting,6.95
Syed Mushtaq Ali Trophy,Manipur,Death,678,668,64,Batting,6.09
Syed Mushtaq Ali Trophy,Manipur,Middle,1195,1412,72,Batting,5.08
Syed Mushtaq Ali Trophy,Manipur,Powerplay,766,984,49,Batting,4.67
Syed Mushtaq Ali Trophy,Meghalaya,Death,860,613,45,Batting,8.42
Syed Mushtaq Ali Trophy,Meghalaya,Middle,1399,1353,59,Batting,6.2
Syed Mushtaq Ali Trophy,Meghalaya,Powerplay,867,933,37,Batting,5.58
Syed Mushtaq Ali Trophy,Mizoram,Death,692,713,69,Batting,5.82
Syed Mushtaq Ali Trophy,Mizoram,Middle,1269,1523,85,Batting,5.0
Syed Mushtaq Ali Trophy,Mizoram,Powerplay,953,1076,39,Batting,5.31
Syed Mushtaq Ali Trophy,Mumbai,Death,2066,1309,105,Batting,9.47
Syed Mushtaq Ali Trophy,Mumbai,Middle,3945,2977,119,Batting,7.95
Syed Mushtaq Ali Trophy,Mumbai,Powerplay,2739,2077,76,Batting,7.91
Syed Mushtaq Ali Trophy,Nagaland,Death,832,630,60,Batting,7.92
Syed Mushtaq Ali Trophy,Nagaland,Middle,1364,1372,60,Batting,5.97
Syed Mushtaq Ali Trophy,Nagaland,Powerplay,842,942,39,Batting,5.36
Syed Mushtaq Ali Trophy,Odisha,Death,869,671,71,Batting,7.77
Syed Mushtaq Ali Trophy,Odisha,Middle,1572,1452,72,Batting,6.5
Syed Mushtaq Ali Trophy,Odisha,Powerplay,1068,1003,47,Batting,6.39
Syed Mushtaq Ali Trophy,Puducherry,Death,828,695,58,Batting,7.15
Syed Mushtaq Ali Trophy,Puducherry,Middle,1426,1368,63,Batting,6.25
Syed Mushtaq Ali Trophy,Puducherry,Powerplay,970,934,47,Batting,6.23
Syed Mushtaq Ali Trophy,Punjab,Death,1973,1204,105,Batting,9.83
Syed Mushtaq Ali Trophy,Punjab,Middle,3561,2680,97,Batting,7.97
Syed Mushtaq Ali Trophy,Punjab,Powerplay,2441,1945,72,Batting,7.53
Syed Mushtaq Ali Trophy,Railways,Death,1508,1095,103,Batting,8.26
Syed Mushtaq Ali Trophy,Railways,Middle,2690,2276,98,Batting,7.09
Syed Mushtaq Ali Trophy,Railways,Powerplay,1775,1566,75,Batting,6.8
Syed Mushtaq Ali Trophy,Rajasthan,Death,1272,911,81,Batting,8.38
Syed Mushtaq Ali Trophy,Rajasthan,Middle,2062,1916,86,Batting,6.46
Syed Mushtaq Ali Trophy,Rajasthan,Powerplay,1528,1343,68,Batting,6.83
Syed Mushtaq Ali Trophy,Saurashtra,Death,1695,1049,78,Batting,9.69
Syed Mushtaq Ali Trophy,Saurashtra,Middle,2724,2135,82,Batting,7.66
Syed Mushtaq Ali Trophy,Saurashtra,Powerplay,1819,1506,68,Batting,7.25
Syed Mushtaq Ali Trophy,Services,Death,1083,802,64,Batting,8.1
Syed Mushtaq Ali Trophy,Services,Middle,1916,1681,80,Batting,6.84
Syed Mushtaq Ali Trophy,Services,Powerplay,1380,1145,47,Batting,7.23
Syed Mushtaq Ali Trophy,Sikkim,Death,498,530,52,Batting,5.64
Syed Mushtaq Ali Trophy,Sikkim,Middle,821,1100,73,Batting,4.48
Syed Mushtaq Ali Trophy,Sikkim,Powerplay,633,772,24,Batting,4.92
Syed Mushtaq Ali Trophy,Tamil Nadu,Death,1525,1000,83,Batting,9.15
Syed Mushtaq Ali Trophy,Tamil Nadu,Middle,3162,2533,82,Batting,7.49
Syed Mushtaq Ali Trophy,Tamil Nadu,Powerplay,2035,1767,72,Batting,6.91
Syed Mushtaq Ali Trophy,Tripura,Death,1240,864,75,Batting,8.61
Syed Mushtaq Ali Trophy,Tripura,Middle,1884,1863,90,Batting,6.07
Syed Mushtaq Ali Trophy,Tripura,Powerplay,1309,1341,78,Batting,5.86
Syed Mushtaq Ali Trophy,Uttar Pradesh,Death,1816,1133,87,Batting,9.62
Syed Mushtaq Ali Trophy,Uttar Pradesh,Middle,2925,2377,96,Batting,7.38
Syed Mushtaq Ali Trophy,Uttar Pradesh,Powerplay,1949,1717,73,Batting,6.81
Syed Mushtaq Ali Trophy,Uttarakhand,Death,951,672,53,Batting,8.49
Syed Mushtaq Ali Trophy,Uttarakhand,Middle,1455,1371,75,Batting,6.37
Syed Mushtaq Ali Trophy,Uttarakhand,Powerplay,1035,919,35,Batting,6.76
Syed Mushtaq Ali Trophy,Vidarbha,Death,1634,1051,84,Batting,9.33
Syed Mushtaq Ali Trophy,Vidarbha,Middle,2717,2341,118,Batting,6.96
Syed Mushtaq Ali Trophy,Vidarbha,Powerplay,1886,1669,66,Batting,6.78
T20I,Argentina,Death,1199,1097,103,Batting,6.56
T20I,Argentina,Middle,2400,2716,159,Batting,5.3
T20I,Argentina,Powerplay,1736,2007,96,Batting,5.19
T20I,Australia,Death,12700,8482,672,Batting,8.98
T20I,Australia,Middle,25487,19662,839,Batting,7.78
T20I,Australia,Powerplay,18102,14166,541,Batting,7.67
T20I,Austria,Death,2556,1858,178,Batting,8.25
T20I,Austria,Middle,6570,5364,288,Batting,7.35
T20I,Austria,Powerplay,4759,4015,176,Batting,7.11
T20I,Bahamas,Death,718,782,65,Batting,5.51
T20I,Bahamas,Middle,1354,1667,108,Batting,4.87
T20I,Bahamas,Powerplay,996,1227,58,Batting,4.87
T20I,Bahrain,Death,4590,3411,288,Batting,8.07
T20I,Bahrain,Middle,8128,7870,350,Batting,6.2
T20I,Bahrain,Powerplay,6183,5770,259,Batting,6.43
T20I,Bangladesh,Death,10460,8210,730,Batting,7.64
T20I,Bangladesh,Middle,18356,17414,822,Batting,6.32
T20I,Bangladesh,Powerplay,12986,12279,586,Batting,6.35
T20I,Barbados,Middle,116,167,10,Batting,4.17
T20I,Belgium,Death,1987,1456,125,Batting,8.19
T20I,Belgium,Middle,3583,3330,162,Batting,6.46
T20I,Belgium,Powerplay,2617,2358,118,Batting,6.66
T20I,Belize,Death,338,301,31,Batting,6.74
T20I,Belize,Middle,718,813,49,Batting,5.3
T20I,Belize,Powerplay,429,571,33,Batting,4.51
T20I,Bermuda,Death,1243,942,85,Batting,7.92
T20I,Bermuda,Middle,2782,2290,108,Batting,7.29
T20I,Bermuda,Powerplay,2239,1841,74,Batting,7.3
T20I,Bhutan,Death,1847,2016,216,Batting,5.5
T20I,Bhutan,Middle,3449,4353,219,Batting,4.75
T20I,Bhutan,Powerplay,2419,3096,144,Batting,4.69
T20I,Botswana,Death,3134,3142,278,Batting,5.98
T20I,Botswana,Middle,5679,6565,332,Batting,5.19
T20I,Botswana,Powerplay,4304,4821,177,Batting,5.36
T20I,Brazil,Death,1154,1245,138,Batting,5.56
T20I,Brazil,Middle,2736,3242,177,Batting,5.06
T20I,Brazil,Powerplay,2035,2393,106,Batting,5.1
T20I,Bulgaria,Death,2023,1810,156,Batting,6.71
T20I,Bulgaria,Middle,4705,4413,233,Batting,6.4
T20I,Bulgaria,Powerplay,3094,3109,166,Batting,5.97
T20I,Cambodia,Death,1125,880,71,Batting,7.67
T20I,Cambodia,Middle,2246,2304,122,Batting,5.85
T20I,Cambodia,Powerplay,1579,1735,89,Batting,5.46
T20I,Cameroon,Death,680,801,74,Batting,5.09
T20I,Cameroon,Middle,1478,2352,210,Batting,3.77
T20I,Cameroon,Powerplay,1168,1805,109,Batting,3.88
T20I,Canada,Death,3509,2555,221,Batting,8.24
T20I,Canada,Middle,5804,5376,245,Batting,6.48
T20I,Canada,Powerplay,4110,3923,166,Batting,6.29
T20I,Cayman Islands,Death,927,918,95,Batting,6.06
T20I,Cayman Islands,Middle,2093,2083,102,Batting,6.03
T20I,Cayman Islands,Powerplay,1689,1548,60,Batting,6.55
T20I,Chile,Middle,120,302,30,Batting,2.38
T20I,Chile,Powerplay,91,251,16,Batting,2.18
T20I,China,Death,619,867,98,Batting,4.28
T20I,China,Middle,1688,2468,163,Batting,4.1
T20I,China,Powerplay,1132,2056,117,Batting,3.3
T20I,Cook Islands,Death,705,755,66,Batting,5.6
T20I,Cook Islands,Middle,1767,1889,101,Batting,5.61
T20I,Cook Islands,Powerplay,1285,1335,66,Batting,5.78
T20I,Costa Rica,Death,208,302,33,Batting,4.13
T20I,Costa Rica,Middle,565,821,59,Batting,4.13
T20I,Costa Rica,Powerplay,487,692,33,Batting,4.22
T20I,Croatia,Death,840,981,96,Batting,5.14
T20I,Croatia,Middle,1985,2406,150,Batting,4.95
T20I,Croatia,Powerplay,1477,1679,83,Batting,5.28
T20I,Cyprus,Death,1891,1517,128,Batting,7.48
T20I,Cyprus,Middle,3405,3450,158,Batting,5.92
T20I,Cyprus,Powerplay,2225,2505,105,Batting,5.33
T20I,Czech Republic,Death,1927,1621,122,Batting,7.13
T20I,Czech Republic,Middle,3833,3857,207,Batting,5.96
T20I,Czech Republic,Powerplay,2843,2801,133,Batting,6.09
T20I,Denmark,Death,2308,1865,172,Batting,7.43
T20I,Denmark,Middle,4058,4006,190,Batting,6.08
T20I,Denmark,Powerplay,2829,2844,109,Batting,5.97
T20I,England,Death,14377,9605,821,Batting,8.98
T20I,England,Middle,27208,21376,914,Batting,7.64
T20I,England,Powerplay,19093,15007,615,Batting,7.63
T20I,Estonia,Death,1241,1240,118,Batting,6.0
T20I,Estonia,Middle,2920,3066,150,Batting,5.71
T20I,Estonia,Powerplay,1852,2153,103,Batting,5.16
T20I,Eswatini,Death,731,766,83,Batting,5.73
T20I,Eswatini,Middle,1475,2101,156,Batting,4.21
T20I,Eswatini,Powerplay,1575,1678,104,Batting,5.63
T20I,Fiji,Death,718,718,81,Batting,6.0
T20I,Fiji,Middle,1508,1772,119,Batting,5.11
T20I,Fiji,Powerplay,1015,1268,58,Batting,4.8
T20I,Finland,Death,1434,1103,116,Batting,7.8
T20I,Finland,Middle,2987,3078,200,Batting,5.82
T20I,Finland,Powerplay,2035,2173,105,Batting,5.62
T20I,France,Death,2062,1691,172,Batting,7.32
T20I,France,Middle,3867,3880,208,Batting,5.98
T20I,France,Powerplay,2616,2764,162,Batting,5.68
T20I,Gambia,Death,142,135,15,Batting,6.31
T20I,Gambia,Middle,345,467,40,Batting,4.43
T20I,Gambia,Powerplay,271,354,26,Batting,4.59
T20I,Germany,Death,3673,3014,230,Batting,7.31
T20I,Germany,Middle,7047,6839,292,Batting,6.18
T20I,Germany,Powerplay,5099,4995,191,Batting,6.12
T20I,Ghana,Death,1013,913,92,Batting,6.66
T20I,Ghana,Middle,2155,2264,151,Batting,5.71
T20I,Ghana,Powerplay,1461,1704,79,Batting,5.14
T20I,Gibraltar,Death,2403,1895,166,Batting,7.61
T20I,Gibraltar,Middle,4375,3922,159,Batting,6.69
T20I,Gibraltar,Powerplay,2986,2727,100,Batting,6.57
T20I,Greece,Death,796,1074,103,Batting,4.45
T20I,Greece,Middle,1981,2562,137,Batting,4.64
T20I,Greece,Powerplay,1547,1916,90,Batting,4.84
T20I,Guernsey,Death,1257,1046,91,Batting,7.21
T20I,Guernsey,Middle,2709,2472,114,Batting,6.58
T20I,Guernsey,Powerplay,1849,1848,93,Batting,6.0
T20I,Hong Kong,Death,6746,5468,513,Batting,7.4
T20I,Hong Kong,Middle,11710,11488,506,Batting,6.12
T20I,Hong Kong,Powerplay,8487,8480,352,Batting,6.0
T20I,Hungary,Death,1693,1267,134,Batting,8.02
T20I,Hungary,Middle,3200,2669,139,Batting,7.19
T20I,Hungary,Powerplay,2400,1885,88,Batting,7.64
T20I,ICC World XI,Middle,297,223,12,Batting,7.99
T20I,ICC World XI,Powerplay,170,150,10,Batting,6.8
T20I,India,Death,17281,11328,902,Batting,9.15
T20I,India,Middle,29888,23658,891,Batting,7.58
T20I,India,Powerplay,21319,16902,641,Batting,7.57
T20I,Indonesia,Death,3823,3264,291,Batting,7.03
T20I,Indonesia,Middle,7568,7778,383,Batting,5.84
T20I,Indonesia,Powerplay,5631,6092,235,Batting,5.55
T20I,Ireland,Death,8608,6609,616,Batting,7.81
T20I,Ireland,Middle,16184,14538,700,Batting,6.68
T20I,Ireland,Powerplay,11833,10428,436,Batting,6.81
T20I,Isle of Man,Death,752,648,58,Batting,6.96
T20I,Isle of Man,Middle,2069,1983,119,Batting,6.26
T20I,Isle of Man,Powerplay,1918,1694,78,Batting,6.79
T20I,Israel,Death,448,423,40,Batting,6.35
T20I,Israel,Middle,859,924,66,Batting,5.58
T20I,Israel,Powerplay,636,659,26,Batting,5.79
T20I,Italy,Death,1762,1528,143,Batting,6.92
T20I,Italy,Middle,4031,3777,169,Batting,6.4
T20I,Italy,Powerplay,2904,2734,135,Batting,6.37
T20I,Ivory Coast,Death,58,130,13,Batting,2.68
T20I,Ivory Coast,Middle,147,461,56,Batting,1.91
T20I,Ivory Coast,Powerplay,142,428,34,Batting,1.99
T20I,Japan,Death,3121,2701,232,Batting,6.93
T20I,Japan,Middle,5534,5543,260,Batting,5.99
T20I,Japan,Powerplay,3814,4019,198,Batting,5.69
T20I,Jersey,Death,2171,1688,132,Batting,7.72
T20I,Jersey,Middle,4033,3585,185,Batting,6.75
T20I,Jersey,Powerplay,3265,2727,126,Batting,7.18
T20I,Kenya,Death,4385,3457,316,Batting,7.61
T20I,Kenya,Middle,8065,7722,349,Batting,6.27
T20I,Kenya,Powerplay,6146,5904,249,Batting,6.25
T20I,Kuwait,Death,2808,2490,259,Batting,6.77
T20I,Kuwait,Middle,6251,6229,352,Batting,6.02
T20I,Kuwait,Powerplay,4814,4635,205,Batting,6.23
T20I,Lesotho,Death,577,726,62,Batting,4.77
T20I,Lesotho,Middle,1541,2293,207,Batting,4.03
T20I,Lesotho,Powerplay,1212,1861,140,Batting,3.91
T20I,Luxembourg,Death,1860,1564,127,Batting,7.14
T20I,Luxembourg,Middle,3893,3620,178,Batting,6.45
T20I,Luxembourg,Powerplay,2356,2495,116,Batting,5.67
T20I,Malawi,Death,1801,1791,155,Batting,6.03
T20I,Malawi,Middle,3386,4148,248,Batting,4.9
T20I,Malawi,Powerplay,2722,3191,138,Batting,5.12
T20I,Malaysia,Death,5344,4871,427,Batting,6.58
T20I,Malaysia,Middle,10507,10782,516,Batting,5.85
T20I,Malaysia,Powerplay,8305,8152,370,Batting,6.11
T20I,Maldives,Death,952,963,99,Batting,5.93
T20I,Maldives,Middle,1720,2222,137,Batting,4.64
T20I,Maldives,Powerplay,1436,1633,88,Batting,5.28
T20I,Mali,Death,70,129,23,Batting,3.26
T20I,Mali,Middle,379,683,72,Batting,3.33
T20I,Mali,Powerplay,346,651,60,Batting,3.19
T20I,Malta,Death,2790,2044,186,Batting,8.19
T20I,Malta,Middle,5500,4852,257,Batting,6.8
T20I,Malta,Powerplay,3742,3458,170,Batting,6.49
T20I,Mexico,Death,781,807,84,Batting,5.81
T20I,Mexico,Middle,1705,1895,110,Batting,5.4
T20I,Mexico,Powerplay,1062,1342,68,Batting,4.75
T20I,Mongolia,Death,268,551,58,Batting,2.92
T20I,Mongolia,Middle,680,1663,138,Batting,2.45
T20I,Mongolia,Powerplay,477,1228,86,Batting,2.33
T20I,Mozambique,Death,1642,1602,111,Batting,6.15
T20I,Mozambique,Middle,3347,3868,220,Batting,5.19
T20I,Mozambique,Powerplay,2138,2725,144,Batting,4.71
T20I,Myanmar,Death,1163,1417,110,Batting,4.92
T20I,Myanmar,Middle,2474,3487,208,Batting,4.26
T20I,Myanmar,Powerplay,1957,2594,127,Batting,4.53
T20I,Namibia,Death,5979,4724,367,Batting,7.59
T20I,Namibia,Middle,10917,10665,513,Batting,6.14
T20I,Namibia,Powerplay,7873,7702,322,Batting,6.13
T20I,Nepal,Death,6429,4609,416,Batting,8.37
T20I,Nepal,Middle,10515,10495,504,Batting,6.01
T20I,Nepal,Powerplay,7957,7774,357,Batting,6.14
T20I,Netherlands,Death,6363,4897,409,Batting,7.8
T20I,Netherlands,Middle,12050,11256,567,Batting,6.42
T20I,Netherlands,Powerplay,8862,8061,351,Batting,6.6
T20I,New Zealand,Death,13994,9586,845,Batting,8.76
T20I,New Zealand,Middle,25663,20729,977,Batting,7.43
T20I,New Zealand,Powerplay,17676,14636,576,Batting,7.25
T20I,Nigeria,Death,3847,3369,329,Batting,6.85
T20I,Nigeria,Middle,6863,7512,423,Batting,5.48
T20I,Nigeria,Powerplay,4870,5454,245,Batting,5.36
T20I,Norway,Death,2436,2044,200,Batting,7.15
T20I,Norway,Middle,4494,4595,244,Batting,5.87
T20I,Norway,Powerplay,3006,3269,158,Batting,5.52
T20I,Oman,Death,4476,3483,289,Batting,7.71
T20I,Oman,Middle,8002,7861,402,Batting,6.11
T20I,Oman,Powerplay,6165,5708,261,Batting,6.48
T20I,Pakistan,Death,16074,11528,1014,Batting,8.37
T20I,Pakistan,Middle,27035,23922,1071,Batting,6.78
T20I,Pakistan,Powerplay,17638,16471,708,Batting,6.43
T20I,Panama,Death,716,715,84,Batting,6.01
T20I,Panama,Middle,1400,1617,95,Batting,5.19
T20I,Panama,Powerplay,899,1162,59,Batting,4.64
T20I,Papua New Guinea,Death,3534,2776,243,Batting,7.64
T20I,Papua New Guinea,Middle,6336,6062,259,Batting,6.27
T20I,Papua New Guinea,Powerplay,4432,4441,200,Batting,5.99
T20I,Philippines,Death,1581,1477,112,Batting,6.42
T20I,Philippines,Middle,3073,3355,208,Batting,5.5
T20I,Philippines,Powerplay,2247,2420,127,Batting,5.57
T20I,Portugal,Death,1762,1213,96,Batting,8.72
T20I,Portugal,Middle,3370,3019,151,Batting,6.7
T20I,Portugal,Powerplay,2698,2148,80,Batting,7.54
T20I,Qatar,Death,3030,2490,231,Batting,7.3
T20I,Qatar,Middle,5655,5468,278,Batting,6.21
T20I,Qatar,Powerplay,3825,3887,177,Batting,5.9
T20I,Romania,Death,2289,1681,150,Batting,8.17
T20I,Romania,Middle,4998,4206,203,Batting,7.13
T20I,Romania,Powerplay,4442,3246,129,Batting,8.21
T20I,Rwanda,Death,4881,4333,438,Batting,6.76
T20I,Rwanda,Middle,9278,10110,551,Batting,5.51
T20I,Rwanda,Powerplay,6721,7403,316,Batting,5.45
T20I,Samoa,Death,1175,1008,106,Batting,6.99
T20I,Samoa,Middle,2224,2389,129,Batting,5.59
T20I,Samoa,Powerplay,1671,1805,90,Batting,5.55
T20I,Saudi Arabia,Death,1689,1354,133,Batting,7.48
T20I,Saudi Arabia,Middle,3041,3269,182,Batting,5.58
T20I,Saudi Arabia,Powerplay,2869,2431,119,Batting,7.08
T20I,Scotland,Death,5388,4202,361,Batting,7.69
T20I,Scotland,Middle,10799,9324,445,Batting,6.95
T20I,Scotland,Powerplay,7544,6746,298,Batting,6.71
T20I,Serbia,Death,1445,1371,113,Batting,6.32
T20I,Serbia,Middle,3194,3277,154,Batting,5.85
T20I,Serbia,Powerplay,2378,2350,84,Batting,6.07
T20I,Seychelles,Death,292,363,41,Batting,4.83
T20I,Seychelles,Middle,733,884,44,Batting,4.98
T20I,Seychelles,Powerplay,544,677,41,Batting,4.82
T20I,Sierra Leone,Death,1914,1955,150,Batting,5.87
T20I,Sierra Leone,Middle,3815,4648,282,Batting,4.92
T20I,Sierra Leone,Powerplay,2812,3580,190,Batting,4.71
T20I,Singapore,Death,3498,3102,287,Batting,6.77
T20I,Singapore,Middle,6424,6781,356,Batting,5.68
T20I,Singapore,Powerplay,4342,4891,259,Batting,5.33
T20I,Slovenia,Death,528,460,48,Batting,6.89
T20I,Slovenia,Middle,978,1083,83,Batting,5.42
T20I,Slovenia,Powerplay,686,743,37,Batting,5.54
T20I,South Africa,Death,13958,9542,743,Batting,8.78
T20I,South Africa,Middle,25209,20819,875,Batting,7.27
T20I,South Africa,Powerplay,17075,14576,583,Batting,7.03
T20I,South Korea,Death,459,592,61,Batting,4.65
T20I,South Korea,Middle,1344,1521,92,Batting,5.3
T20I,South Korea,Powerplay,858,1027,61,Batting,5.01
T20I,Spain,Death,1360,968,78,Batting,8.43
T20I,Spain,Middle,3227,2809,108,Batting,6.89
T20I,Spain,Powerplay,2419,2212,91,Batting,6.56
T20I,Sri Lanka,Death,12183,9202,851,Batting,7.94
T20I,Sri Lanka,Middle,21189,19665,965,Batting,6.46
T20I,Sri Lanka,Powerplay,15653,13772,602,Batting,6.82
T20I,St Helena,Death,195,250,23,Batting,4.68
T20I,St Helena,Middle,427,555,44,Batting,4.62
T20I,St Helena,Powerplay,384,449,20,Batting,5.13
T20I,Suriname,Death,332,345,26,Batting,5.77
T20I,Suriname,Middle,608,781,50,Batting,4.67
T20I,Suriname,Powerplay,410,532,29,Batting,4.62
T20I,Swaziland,Middle,223,281,24,Batting,4.76
T20I,Swaziland,Powerplay,178,188,13,Batting,5.68
T20I,Sweden,Death,1976,1536,144,Batting,7.72
T20I,Sweden,Middle,3788,3572,177,Batting,6.36
T20I,Sweden,Powerplay,2957,2656,128,Batting,6.68
T20I,Switzerland,Death,1513,1174,102,Batting,7.73
T20I,Switzerland,Middle,3327,2891,124,Batting,6.9
T20I,Switzerland,Powerplay,2426,2186,89,Batting,6.66
T20I,Tanzania,Death,3411,2810,270,Batting,7.28
T20I,Tanzania,Middle,6576,6637,371,Batting,5.94
T20I,Tanzania,Powerplay,5228,4859,195,Batting,6.46
T20I,Thailand,Death,4456,3995,370,Batting,6.69
T20I,Thailand,Middle,8156,9386,459,Batting,5.21
T20I,Thailand,Powerplay,5976,7099,301,Batting,5.05
T20I,Timor-Leste,Death,104,162,17,Batting,3.85
T20I,Timor-Leste,Middle,170,363,27,Batting,2.81
T20I,Timor-Leste,Powerplay,161,325,25,Batting,2.97
T20I,Turkey,Death,984,936,89,Batting,6.31
T20I,Turkey,Middle,1883,2055,127,Batting,5.5
T20I,Turkey,Powerplay,1474,1588,99,Batting,5.57
T20I,Turks and Caicos Island,Middle,163,188,13,Batting,5.2
T20I,Turks and Caicos Island,Powerplay,158,152,5,Batting,6.24
T20I,Uganda,Death,5996,4728,404,Batting,7.61
T20I,Uganda,Middle,10909,10841,486,Batting,6.04
T20I,Uganda,Powerplay,7177,7891,332,Batting,5.46
T20I,United Arab Emirates,Death,7326,5671,497,Batting,7.75
T20I,United Arab Emirates,Middle,12958,12231,511,Batting,6.36
T20I,United Arab Emirates,Powerplay,9749,8947,350,Batting,6.54
T20I,United States of America,Death,3412,2627,220,Batting,7.79
T20I,United States of America,Middle,5878,5639,254,Batting,6.25
T20I,United States of America,Powerplay,4325,4101,164,Batting,6.33
T20I,Uzbekistan,Middle,165,169,13,Batting,5.86
T20I,Uzbekistan,Powerplay,95,154,10,Batting,3.7
T20I,Vanuatu,Death,1757,1643,151,Batting,6.42
T20I,Vanuatu,Middle,3532,3812,205,Batting,5.56
T20I,Vanuatu,Powerplay,2454,2707,102,Batting,5.44
T20I,West Indies,Death,13540,9538,793,Batting,8.52
T20I,West Indies,Middle,22918,20109,959,Batting,6.84
T20I,West Indies,Powerplay,16310,14189,621,Batting,6.9
T20I,Zambia,Death,572,573,54,Batting,5.99
T20I,Zambia,Middle,991,1249,81,Batting,4.76
T20I,Zambia,Powerplay,707,858,37,Batting,4.94
T20I,Zimbabwe,Death,9118,6738,580,Batting,8.12
T20I,Zimbabwe,Middle,15722,14179,679,Batting,6.65
T20I,Zimbabwe,Powerplay,10840,9920,449,Batting,6.56
WPL,Delhi Capitals,Death,1312,798,64,Batting,9.86
WPL,Delhi Capitals,Middle,2478,1943,96,Batting,7.65
WPL,Delhi Capitals,Powerplay,1882,1408,41,Batting,8.02
WPL,Gujarat Giants,Death,1467,974,94,Batting,9.04
WPL,Gujarat Giants,Middle,2363,1888,79,Batting,7.51
WPL,Gujarat Giants,Powerplay,1464,1267,67,Batting,6.93
WPL,Mumbai Indians,Death,1547,931,80,Batting,9.97
WPL,Mumbai Indians,Middle,2754,2046,76,Batting,8.08
WPL,Mumbai Indians,Powerplay,1515,1376,48,Batting,6.61
WPL,Royal Challengers Bangalore,Death,684,438,42,Batting,9.37
WPL,Royal Challengers Bangalore,Middle,1248,981,39,Batting,7.63
WPL,Royal Challengers Bangalore,Powerplay,804,664,25,Batting,7.27
WPL,Royal Challengers Bengaluru,Death,737,418,38,Batting,10.58
WPL,Royal Challengers Bengaluru,Middle,1264,913,25,Batting,8.31
WPL,Royal Challengers Bengaluru,Powerplay,853,639,29,Batting,8.01
WPL,UP Warriorz,Death,1260,885,79,Batting,8.54
WPL,UP Warriorz,Middle,2278,1830,101,Batting,7.47
WPL,UP Warriorz,Powerplay,1456,1243,55,Batting,7.03
Women's BBL,Adelaide Strikers,Death,4609,3205,260,Batting,8.63
Women's BBL,Adelaide Strikers,Middle,7792,6984,303,Batting,6.69
Women's BBL,Adelaide Strikers,Powerplay,5006,4959,170,Batting,6.06
Women's BBL,Brisbane Heat,Death,4320,3063,301,Batting,8.46
Women's BBL,Brisbane Heat,Middle,8616,7129,347,Batting,7.25
Women's BBL,Brisbane Heat,Powerplay,5691,5074,187,Batting,6.73
Women's BBL,Hobart Hurricanes,Death,3807,2873,275,Batting,7.95
Women's BBL,Hobart Hurricanes,Middle,7414,6695,339,Batting,6.64
Women's BBL,Hobart Hurricanes,Powerplay,4848,4688,209,Batting,6.2
Women's BBL,Melbourne Renegades,Death,4001,3037,255,Batting,7.9
Women's BBL,Melbourne Renegades,Middle,7568,6669,297,Batting,6.81
Women's BBL,Melbourne Renegades,Powerplay,4636,4704,222,Batting,5.91
Women's BBL,Melbourne Stars,Death,4038,3140,300,Batting,7.72
Women's BBL,Melbourne Stars,Middle,7462,6710,298,Batting,6.67
Women's BBL,Melbourne Stars,Powerplay,4796,4766,179,Batting,6.04
Women's BBL,Perth Scorchers,Death,4513,3360,290,Batting,8.06
Women's BBL,Perth Scorchers,Middle,8330,7222,289,Batting,6.92
Women's BBL,Perth Scorchers,Powerplay,5374,5078,163,Batting,6.35
Women's BBL,Sydney Sixers,Death,4592,3346,282,Batting,8.23
Women's BBL,Sydney Sixers,Middle,7896,6825,279,Batting,6.94
Women's BBL,Sydney Sixers,Powerplay,4947,4814,175,Batting,6.17
Women's BBL,Sydney Thunder,Death,4151,3024,269,Batting,8.24
Women's BBL,Sydney Thunder,Middle,7117,6581,288,Batting,6.49
Women's BBL,Sydney Thunder,Powerplay,4747,4602,174,Batting,6.19
Women's CPL,Barbados Royals,Death,568,432,37,Batting,7.89
Women's CPL,Barbados Royals,Middle,1006,984,53,Batting,6.13
Women's CPL,Barbados Royals,Powerplay,693,685,20,Batting,6.07
Women's CPL,Barbados Tridents,Middle,217,180,10,Batting,7.23
Women's CPL,Barbados Tridents,Powerplay,164,152,8,Batting,6.47
Women's CPL,Guyana Amazon Warriors,Death,672,523,56,Batting,7.71
Women's CPL,Guyana Amazon Warriors,Middle,1102,1018,35,Batting,6.5
Women's CPL,Guyana Amazon Warriors,Powerplay,799,764,25,Batting,6.27
Women's CPL,Jamaica Empress,Middle,139,167,7,Batting,4.99
Women's CPL,Trinbago Knight Riders,Death,528,513,56,Batting,6.18
Women's CPL,Trinbago Knight Riders,Middle,1045,1092,59,Batting,5.74
Women's CPL,Trinbago Knight Riders,Powerplay,722,764,33,Batting,5.67
BBL,Adelaide Strikers,Death,6363,4086,363,Bowling,9.34
BBL,Adelaide Strikers,Middle,10842,8775,434,Bowling,7.41
BBL,Adelaide Strikers,Powerplay,7671,6053,235,Bowling,7.6
BBL,Brisbane Heat,Death,6403,4107,362,Bowling,9.35
BBL,Brisbane Heat,Middle,11335,8690,369,Bowling,7.83
BBL,Brisbane Heat,Powerplay,7447,6006,243,Bowling,7.44
BBL,Hobart Hurricanes,Death,6290,4110,354,Bowling,9.18
BBL,Hobart Hurricanes,Middle,11453,8633,362,Bowling,7.96
BBL,Hobart Hurricanes,Powerplay,7986,6037,248,Bowling,7.94
BBL,Melbourne Renegades,Death,6426,4088,346,Bowling,9.43
BBL,Melbourne Renegades,Middle,10872,8597,387,Bowling,7.59
BBL,Melbourne Renegades,Powerplay,7250,5856,211,Bowling,7.43
BBL,Melbourne Stars,Death,6309,4228,372,Bowling,8.95
BBL,Melbourne Stars,Middle,11231,8985,397,Bowling,7.5
BBL,Melbourne Stars,Powerplay,7641,6192,280,Bowling,7.4
BBL,Perth Scorchers,Death,6484,4480,400,Bowling,8.68
BBL,Perth Scorchers,Middle,11627,9415,487,Bowling,7.41
BBL,Perth Scorchers,Powerplay,7445,6417,291,Bowling,6.96
BBL,Sydney Sixers,Death,6761,4432,370,Bowling,9.15
BBL,Sydney Sixers,Middle,11309,9252,445,Bowling,7.33
BBL,Sydney Sixers,Powerplay,7684,6406,290,Bowling,7.2
BBL,Sydney Thunder,Death,5822,3848,336,Bowling,9.08
BBL,Sydney Thunder,Middle,11199,8556,358,Bowling,7.85
BBL,Sydney Thunder,Powerplay,7307,5956,256,Bowling,7.36
CPL,Antigua Hawksbills,Death,482,320,27,Bowling,9.04
CPL,Antigua Hawksbills,Middle,996,823,35,Bowling,7.26
CPL,Antigua Hawksbills,Powerplay,622,569,21,Bowling,6.56
CPL,Antigua and Barbuda Falcons,Death,1116,681,54,Bowling,9.83
CPL,Antigua and Barbuda Falcons,Middle,1867,1540,72,Bowling,7.27
CPL,Antigua and Barbuda Falcons,Powerplay,1405,1078,50,Bowling,7.82
CPL,Barbados Royals,Death,2145,1284,114,Bowling,10.02
CPL,Barbados Royals,Middle,3619,2846,112,Bowling,7.63
CPL,Barbados Royals,Powerplay,2411,1957,100,Bowling,7.39
CPL,Barbados Tridents,Death,3157,2083,180,Bowling,9.09
CPL,Barbados Tridents,Middle,5479,4785,215,Bowling,6.87
CPL,Barbados Tridents,Powerplay,4029,3336,149,Bowling,7.25
CPL,Guyana Amazon Warriors,Death,5951,3990,365,Bowling,8.95
CPL,Guyana Amazon Warriors,Middle,9610,8561,415,Bowling,6.74
CPL,Guyana Amazon Warriors,Powerplay,6679,5752,271,Bowling,6.97
CPL,Jamaica Kingsmen,Death,454,278,21,Bowling,9.8
CPL,Jamaica Kingsmen,Middle,821,616,21,Bowling,8.0
CPL,Jamaica Kingsmen,Powerplay,506,420,21,Bowling,7.23
CPL,Jamaica Tallawahs,Death,4813,3096,254,Bowling,9.33
CPL,Jamaica Tallawahs,Middle,7594,6374,285,Bowling,7.15
CPL,Jamaica Tallawahs,Powerplay,5173,4359,189,Bowling,7.12
CPL,St Kitts and Nevis Patriots,Death,4870,3003,222,Bowling,9.73
CPL,St Kitts and Nevis Patriots,Middle,8113,6451,288,Bowling,7.55
CPL,St Kitts and Nevis Patriots,Powerplay,5735,4459,177,Bowling,7.72
CPL,St Lucia Kings,Death,2775,1706,139,Bowling,9.76
CPL,St Lucia Kings,Middle,4189,3516,161,Bowling,7.15
CPL,St Lucia Kings,Powerplay,3132,2426,119,Bowling,7.75
CPL,St Lucia Stars,Death,828,445,25,Bowling,11.16
CPL,St Lucia Stars,Middle,1172,944,35,Bowling,7.45
CPL,St Lucia Stars,Powerplay,920,689,26,Bowling,8.01
CPL,St Lucia Zouks,Death,1823,1184,90,Bowling,9.24
CPL,St Lucia Zouks,Middle,3378,2832,125,Bowling,7.16
CPL,St Lucia Zouks,Powerplay,2439,2018,77,Bowling,7.25
CPL,Trinbago Knight Riders,Death,5575,3536,284,Bowling,9.46
CPL,Trinbago Knight Riders,Middle,8186,6989,340,Bowling,7.03
CPL,Trinbago Knight Riders,Powerplay,5655,4740,187,Bowling,7.16
CPL,Trinidad & Tobago Red Steel,Death,1085,707,59,Bowling,9.21
CPL,Trinidad & Tobago Red Steel,Middle,1594,1569,89,Bowling,6.1
CPL,Trinidad & Tobago Red Steel,Powerplay,1320,1120,48,Bowling,7.07
CSA T20 Challenge,Boland,Death,785,564,54,Bowling,8.35
CSA T20 Challenge,Boland,Middle,1470,1192,48,Bowling,7.4
CSA T20 Challenge,Boland,Powerplay,993,839,36,Bowling,7.1
CSA T20 Challenge,Cape Cobras,Death,2900,1913,148,Bowling,9.1
CSA T20 Challenge,Cape Cobras,Middle,4763,3956,187,Bowling,7.22
CSA T20 Challenge,Cape Cobras,Powerplay,3162,2752,107,Bowling,6.89
CSA T20 Challenge,Dolphins,Death,3449,2290,162,Bowling,9.04
CSA T20 Challenge,Dolphins,Middle,5837,4902,213,Bowling,7.14
CSA T20 Challenge,Dolphins,Powerplay,3949,3479,151,Bowling,6.81
CSA T20 Challenge,Impi,Death,250,139,6,Bowling,10.79
CSA T20 Challenge,Impi,Middle,534,392,15,Bowling,8.17
CSA T20 Challenge,Impi,Powerplay,334,261,8,Bowling,7.68
CSA T20 Challenge,Knights,Death,3358,2228,162,Bowling,9.04
CSA T20 Challenge,Knights,Middle,5763,4701,195,Bowling,7.36
CSA T20 Challenge,Knights,Powerplay,3719,3271,119,Bowling,6.82
CSA T20 Challenge,Lions,Death,3569,2387,195,Bowling,8.97
CSA T20 Challenge,Lions,Middle,6049,5136,248,Bowling,7.07
CSA T20 Challenge,Lions,Powerplay,4064,3539,157,Bowling,6.89
CSA T20 Challenge,North West,Death,825,544,38,Bowling,9.1
CSA T20 Challenge,North West,Middle,1378,1166,59,Bowling,7.09
CSA T20 Challenge,North West,Powerplay,951,789,34,Bowling,7.23
CSA T20 Challenge,Titans,Death,3665,2530,213,Bowling,8.69
CSA T20 Challenge,Titans,Middle,6444,5458,266,Bowling,7.08
CSA T20 Challenge,Titans,Powerplay,4454,3848,175,Bowling,6.94
CSA T20 Challenge,Warriors,Death,3371,2294,178,Bowling,8.82
CSA T20 Challenge,Warriors,Middle,5528,4692,205,Bowling,7.07
CSA T20 Challenge,Warriors,Powerplay,4216,3369,123,Bowling,7.51
CSA T20 Challenge,Western Province,Death,648,483,37,Bowling,8.05
CSA T20 Challenge,Western Province,Middle,1447,1173,52,Bowling,7.4
CSA T20 Challenge,Western Province,Powerplay,948,816,42,Bowling,6.97
IPL,Chennai Super Kings,Death,11194,7281,603,Bowling,9.22
IPL,Chennai Super Kings,Middle,18098,14658,645,Bowling,7.41
IPL,Chennai Super Kings,Powerplay,12878,9906,397,Bowling,7.8
IPL,Delhi Capitals,Death,12199,7670,617,Bowling,9.54
IPL,Delhi Capitals,Middle,19420,15107,633,Bowling,7.71
IPL,Delhi Capitals,Powerplay,13587,10407,391,Bowling,7.83
IPL,Gujarat Lions,Death,1354,768,51,Bowling,10.58
IPL,Gujarat Lions,Middle,2235,1657,51,Bowling,8.09
IPL,Gujarat Lions,Powerplay,1490,1115,47,Bowling,8.02
IPL,Gujarat Titans,Death,3397,2046,175,Bowling,9.96
IPL,Gujarat Titans,Middle,5878,4206,203,Bowling,8.39
IPL,Gujarat Titans,Powerplay,4139,2884,131,Bowling,8.61
IPL,Kochi Tuskers Kerala,Death,479,324,24,Bowling,8.87
IPL,Kochi Tuskers Kerala,Middle,914,759,28,Bowling,7.23
IPL,Kochi Tuskers Kerala,Powerplay,593,531,22,Bowling,6.7
IPL,Kolkata Knight Riders,Death,11375,7351,590,Bowling,9.28
IPL,Kolkata Knight Riders,Middle,18866,15038,667,Bowling,7.53
IPL,Kolkata Knight Riders,Powerplay,13464,10386,370,Bowling,7.78
IPL,Lucknow Super Giants,Death,3419,1985,147,Bowling,10.33
IPL,Lucknow Super Giants,Middle,5411,3940,169,Bowling,8.24
IPL,Lucknow Super Giants,Powerplay,3980,2678,99,Bowling,8.92
IPL,Mumbai Indians,Death,12203,7928,650,Bowling,9.24
IPL,Mumbai Indians,Middle,20827,16225,689,Bowling,7.7
IPL,Mumbai Indians,Powerplay,13573,10895,439,Bowling,7.47
IPL,Pune Warriors,Death,1934,1252,91,Bowling,9.27
IPL,Pune Warriors,Middle,2937,2487,90,Bowling,7.09
IPL,Pune Warriors,Powerplay,1986,1718,57,Bowling,6.94
IPL,Punjab Kings,Death,12141,7350,598,Bowling,9.91
IPL,Punjab Kings,Middle,19787,15015,603,Bowling,7.91
IPL,Punjab Kings,Powerplay,13688,10338,368,Bowling,7.94
IPL,Rajasthan Royals,Death,11149,6912,517,Bowling,9.68
IPL,Rajasthan Royals,Middle,17784,13779,544,Bowling,7.74
IPL,Rajasthan Royals,Powerplay,12005,9412,384,Bowling,7.65
IPL,Rising Pune Supergiant,Death,660,439,40,Bowling,9.02
IPL,Rising Pune Supergiant,Middle,1018,894,45,Bowling,6.83
IPL,Rising Pune Supergiant,Powerplay,758,595,28,Bowling,7.64
IPL,Rising Pune Supergiants,Death,616,377,34,Bowling,9.8
IPL,Rising Pune Supergiants,Middle,821,711,24,Bowling,6.93
IPL,Rising Pune Supergiants,Powerplay,676,527,18,Bowling,7.7
IPL,Royal Challengers Bangalore,Death,10325,6432,523,Bowling,9.63
IPL,Royal Challengers Bangalore,Middle,16421,12953,545,Bowling,7.61
IPL,Royal Challengers Bangalore,Powerplay,11197,8954,335,Bowling,7.5
IPL,Royal Challengers Bengaluru,Death,2005,1207,90,Bowling,9.97
IPL,Royal Challengers Bengaluru,Middle,3795,2553,112,Bowling,8.92
IPL,Royal Challengers Bengaluru,Powerplay,2559,1709,87,Bowling,8.98
IPL,Sunrisers Hyderabad,Death,12502,7851,633,Bowling,9.55
IPL,Sunrisers Hyderabad,Middle,20071,15673,660,Bowling,7.68
IPL,Sunrisers Hyderabad,Powerplay,13615,10674,410,Bowling,7.65
ODI,Africa XI,Death,295,236,15,Bowling,7.5
ODI,Africa XI,Middle,638,749,14,Bowling,5.11
ODI,Africa XI,Powerplay,256,276,7,Bowling,5.57
ODI,Asia XI,Death,253,199,11,Bowling,7.63
ODI,Asia XI,Middle,726,870,26,Bowling,5.01
ODI,Asia XI,Powerplay,232,315,10,Bowling,4.42
ODI,Australia,Death,23965,22440,1345,Bowling,6.41
ODI,Australia,Middle,80370,102229,2545,Bowling,4.72
ODI,Australia,Powerplay,27057,37150,933,Bowling,4.37
ODI,Bangladesh,Death,16045,13828,755,Bowling,6.96
ODI,Bangladesh,Middle,50145,64290,1421,Bowling,4.68
ODI,Bangladesh,Powerplay,18528,24209,493,Bowling,4.59
ODI,Bermuda,Death,353,248,8,Bowling,8.54
ODI,Bermuda,Middle,1406,1797,44,Bowling,4.69
ODI,Bermuda,Powerplay,655,785,22,Bowling,5.01
ODI,Canada,Death,2932,2544,129,Bowling,6.92
ODI,Canada,Middle,8712,11115,232,Bowling,4.7
ODI,Canada,Powerplay,3097,4248,112,Bowling,4.37
ODI,England,Death,25325,22282,1201,Bowling,6.82
ODI,England,Middle,78805,98608,2316,Bowling,4.8
ODI,England,Powerplay,27223,36230,853,Bowling,4.51
ODI,Hong Kong,Death,649,624,32,Bowling,6.24
ODI,Hong Kong,Middle,1973,2763,76,Bowling,4.28
ODI,Hong Kong,Powerplay,981,1046,21,Bowling,5.63
ODI,ICC World XI,Death,183,125,2,Bowling,8.78
ODI,ICC World XI,Middle,321,364,5,Bowling,5.29
ODI,ICC World XI,Powerplay,117,125,2,Bowling,5.62
ODI,India,Death,29193,25673,1398,Bowling,6.82
ODI,India,Middle,88693,110468,2703,Bowling,4.82
ODI,India,Powerplay,30709,40013,882,Bowling,4.6
ODI,Ireland,Death,8477,7188,391,Bowling,7.08
ODI,Ireland,Middle,27432,33090,707,Bowling,4.97
ODI,Ireland,Powerplay,9380,12258,252,Bowling,4.59
ODI,Jersey,Death,211,184,12,Bowling,6.88
ODI,Jersey,Middle,617,686,10,Bowling,5.4
ODI,Jersey,Powerplay,183,254,6,Bowling,4.32
ODI,Kenya,Death,1791,1512,78,Bowling,7.11
ODI,Kenya,Middle,4647,6117,117,Bowling,4.56
ODI,Kenya,Powerplay,1774,2532,58,Bowling,4.2
ODI,Namibia,Death,3185,2864,155,Bowling,6.67
ODI,Namibia,Middle,9774,13202,331,Bowling,4.44
ODI,Namibia,Powerplay,3245,4810,102,Bowling,4.05
ODI,Nepal,Death,3700,3264,182,Bowling,6.8
ODI,Nepal,Middle,10373,14657,371,Bowling,4.25
ODI,Nepal,Powerplay,4075,5423,139,Bowling,4.51
ODI,Netherlands,Death,4577,3923,232,Bowling,7.0
ODI,Netherlands,Middle,14971,18601,412,Bowling,4.83
ODI,Netherlands,Powerplay,5080,6956,156,Bowling,4.38
ODI,New Zealand,Death,21535,19193,1071,Bowling,6.73
ODI,New Zealand,Middle,69560,87426,2042,Bowling,4.77
ODI,New Zealand,Powerplay,23495,31824,737,Bowling,4.43
ODI,Oman,Death,3254,2978,183,Bowling,6.56
ODI,Oman,Middle,9004,12146,297,Bowling,4.45
ODI,Oman,Powerplay,2903,4436,103,Bowling,3.93
ODI,Pakistan,Death,23493,20655,1111,Bowling,6.82
ODI,Pakistan,Middle,70513,90161,2013,Bowling,4.69
ODI,Pakistan,Powerplay,24896,32691,703,Bowling,4.57
ODI,Papua New Guinea,Death,2992,2774,138,Bowling,6.47
ODI,Papua New Guinea,Middle,8403,12144,266,Bowling,4.15
ODI,Papua New Guinea,Powerplay,3097,4429,110,Bowling,4.2
ODI,Scotland,Death,4373,3941,214,Bowling,6.66
ODI,Scotland,Middle,17200,22331,635,Bowling,4.62
ODI,Scotland,Powerplay,6063,8289,196,Bowling,4.39
ODI,South Africa,Death,22082,20466,1162,Bowling,6.47
ODI,South Africa,Middle,72014,91563,2224,Bowling,4.72
ODI,South Africa,Powerplay,23702,33205,792,Bowling,4.28
ODI,Sri Lanka,Death,21479,18575,939,Bowling,6.94
ODI,Sri Lanka,Middle,75253,92740,2179,Bowling,4.87
ODI,Sri Lanka,Powerplay,27013,34959,809,Bowling,4.64
ODI,Thailand,Death,400,466,21,Bowling,5.15
ODI,Thailand,Middle,1602,2732,96,Bowling,3.52
ODI,Thailand,Powerplay,744,1070,29,Bowling,4.17
ODI,United Arab Emirates,Death,5251,4731,256,Bowling,6.66
ODI,United Arab Emirates,Middle,16341,21033,481,Bowling,4.66
ODI,United Arab Emirates,Powerplay,5583,7752,173,Bowling,4.32
ODI,United States of America,Death,3784,3355,181,Bowling,6.77
ODI,United States of America,Middle,10976,14851,351,Bowling,4.43
ODI,United States of America,Powerplay,3636,5326,126,Bowling,4.1
ODI,West Indies,Death,21469,18802,1016,Bowling,6.85
ODI,West Indies,Middle,65230,81449,1709,Bowling,4.81
ODI,West Indies,Powerplay,23272,30607,640,Bowling,4.56
ODI,Zimbabwe,Death,15075,12207,598,Bowling,7.41
ODI,Zimbabwe,Middle,41911,52164,937,Bowling,4.82
ODI,Zimbabwe,Powerplay,14352,19596,350,Bowling,4.39
SA20,Durban's Super Giants,Death,1486,926,76,Bowling,9.63
SA20,Durban's Super Giants,Middle,2664,2036,103,Bowling,7.85
SA20,Durban's Super Giants,Powerplay,1934,1455,55,Bowling,7.98
SA20,Joburg Super Kings,Death,1445,928,80,Bowling,9.34
SA20,Joburg Super Kings,Middle,2801,2124,94,Bowling,7.91
SA20,Joburg Super Kings,Powerplay,1956,1537,80,Bowling,7.64
SA20,MI Cape Town,Death,1615,996,73,Bowling,9.73
SA20,MI Cape Town,Middle,2607,2104,108,Bowling,7.43
SA20,MI Cape Town,Powerplay,2016,1509,75,Bowling,8.02
SA20,Paarl Royals,Death,2016,1248,103,Bowling,9.69
SA20,Paarl Royals,Middle,3127,2486,98,Bowling,7.55
SA20,Paarl Royals,Powerplay,2058,1679,72,Bowling,7.35
SA20,Pretoria Capitals,Death,1707,1024,84,Bowling,10.0
SA20,Pretoria Capitals,Middle,2738,2170,113,Bowling,7.57
SA20,Pretoria Capitals,Powerplay,1971,1512,62,Bowling,7.82
SA20,Sunrisers Eastern Cape,Death,1596,1095,100,Bowling,8.75
SA20,Sunrisers Eastern Cape,Middle,2907,2475,132,Bowling,7.05
SA20,Sunrisers Eastern Cape,Powerplay,2051,1707,87,Bowling,7.21
Super Smash,Auckland,Death,5088,3682,355,Bowling,8.29
Super Smash,Auckland,Middle,9380,7936,363,Bowling,7.09
Super Smash,Auckland,Powerplay,6606,5638,241,Bowling,7.03
Super Smash,Canterbury,Death,5574,3997,349,Bowling,8.37
Super Smash,Canterbury,Middle,9953,8513,382,Bowling,7.01
Super Smash,Canterbury,Powerplay,7257,6034,283,Bowling,7.22
Super Smash,Central Districts,Death,5096,3370,288,Bowling,9.07
Super Smash,Central Districts,Middle,9588,7802,346,Bowling,7.37
Super Smash,Central Districts,Powerplay,6681,5575,254,Bowling,7.19
Super Smash,Northern Districts,Death,5144,3646,305,Bowling,8.47
Super Smash,Northern Districts,Middle,9492,7855,365,Bowling,7.25
Super Smash,Northern Districts,Powerplay,6421,5491,273,Bowling,7.02
Super Smash,Otago,Death,5437,3848,350,Bowling,8.48
Super Smash,Otago,Middle,10064,8362,361,Bowling,7.22
Super Smash,Otago,Powerplay,7049,5873,230,Bowling,7.2
Super Smash,Wellington,Death,5289,4101,382,Bowling,7.74
Super Smash,Wellington,Middle,9380,8507,472,Bowling,6.62
Super Smash,Wellington,Powerplay,6646,5783,250,Bowling,6.9
Syed Mushtaq Ali Trophy,Andhra,Death,1234,844,91,Bowling,8.77
Syed Mushtaq Ali Trophy,Andhra,Middle,2451,1958,90,Bowling,7.51
Syed Mushtaq Ali Trophy,Andhra,Powerplay,1561,1357,53,Bowling,6.9
Syed Mushtaq Ali Trophy,Arunachal Pradesh,Death,532,325,30,Bowling,9.82
Syed Mushtaq Ali Trophy,Arunachal Pradesh,Middle,1303,953,27,Bowling,8.2
Syed Mushtaq Ali Trophy,Arunachal Pradesh,Powerplay,1161,835,21,Bowling,8.34
Syed Mushtaq Ali Trophy,Assam,Death,1254,848,70,Bowling,8.87
Syed Mushtaq Ali Trophy,Assam,Middle,2147,1953,85,Bowling,6.6
Syed Mushtaq Ali Trophy,Assam,Powerplay,1691,1382,51,Bowling,7.34
Syed Mushtaq Ali Trophy,Baroda,Death,2022,1423,140,Bowling,8.53
Syed Mushtaq Ali Trophy,Baroda,Middle,3461,2980,139,Bowling,6.97
Syed Mushtaq Ali Trophy,Baroda,Powerplay,2200,1997,89,Bowling,6.61
Syed Mushtaq Ali Trophy,Bengal,Death,1671,1201,108,Bowling,8.35
Syed Mushtaq Ali Trophy,Bengal,Middle,2689,2390,103,Bowling,6.75
Syed Mushtaq Ali Trophy,Bengal,Powerplay,1772,1635,73,Bowling,6.5
Syed Mushtaq Ali Trophy,Bihar,Death,634,451,45,Bowling,8.43
Syed Mushtaq Ali Trophy,Bihar,Middle,1319,1172,47,Bowling,6.75
Syed Mushtaq Ali Trophy,Bihar,Powerplay,1111,906,35,Bowling,7.36
Syed Mushtaq Ali Trophy,Chandigarh,Death,585,383,24,Bowling,9.16
Syed Mushtaq Ali Trophy,Chandigarh,Middle,845,765,23,Bowling,6.63
Syed Mushtaq Ali Trophy,Chandigarh,Powerplay,546,523,26,Bowling,6.26
Syed Mushtaq Ali Trophy,Chhattisgarh,Death,1157,728,43,Bowling,9.54
Syed Mushtaq Ali Trophy,Chhattisgarh,Middle,1852,1553,78,Bowling,7.16
Syed Mushtaq Ali Trophy,Chhattisgarh,Powerplay,1360,1136,48,Bowling,7.18
Syed Mushtaq Ali Trophy,Delhi,Death,1883,1299,109,Bowling,8.7
Syed Mushtaq Ali Trophy,Delhi,Middle,3124,2746,132,Bowling,6.83
Syed Mushtaq Ali Trophy,Delhi,Powerplay,2066,1897,97,Bowling,6.53
Syed Mushtaq Ali Trophy,Goa,Death,1478,963,83,Bowling,9.21
Syed Mushtaq Ali Trophy,Goa,Middle,2443,2033,79,Bowling,7.21
Syed Mushtaq Ali Trophy,Goa,Powerplay,1705,1385,49,Bowling,7.39
Syed Mushtaq Ali Trophy,Gujarat,Death,1515,1091,94,Bowling,8.33
Syed Mushtaq Ali Trophy,Gujarat,Middle,2580,2339,123,Bowling,6.62
Syed Mushtaq Ali Trophy,Gujarat,Powerplay,1726,1635,85,Bowling,6.33
Syed Mushtaq Ali Trophy,Haryana,Death,1433,1002,87,Bowling,8.58
Syed Mushtaq Ali Trophy,Haryana,Middle,2506,2154,86,Bowling,6.98
Syed Mushtaq Ali Trophy,Haryana,Powerplay,1708,1488,58,Bowling,6.89
Syed Mushtaq Ali Trophy,Himachal,Death,1023,748,64,Bowling,8.21
Syed Mushtaq Ali Trophy,Himachal,Middle,1673,1534,73,Bowling,6.54
Syed Mushtaq Ali Trophy,Himachal,Powerplay,1200,1080,46,Bowling,6.67
Syed Mushtaq Ali Trophy,Himachal Pradesh,Death,218,152,13,Bowling,8.61
Syed Mushtaq Ali Trophy,Himachal Pradesh,Middle,265,274,16,Bowling,5.8
Syed Mushtaq Ali Trophy,Himachal Pradesh,Powerplay,185,186,10,Bowling,5.97
Syed Mushtaq Ali Trophy,Hyderabad (India),Death,1450,967,81,Bowling,9.0
Syed Mushtaq Ali Trophy,Hyderabad (India),Middle,2234,1959,86,Bowling,6.84
Syed Mushtaq Ali Trophy,Hyderabad (India),Powerplay,1534,1325,58,Bowling,6.95
Syed Mushtaq Ali Trophy,Jammu & Kashmir,Death,1086,737,73,Bowling,8.84
Syed Mushtaq Ali Trophy,Jammu & Kashmir,Middle,2017,1670,49,Bowling,7.25
Syed Mushtaq Ali Trophy,Jammu & Kashmir,Powerplay,1261,1153,48,Bowling,6.56
Syed Mushtaq Ali Trophy,Jharkhand,Death,1435,968,86,Bowling,8.89
Syed Mushtaq Ali Trophy,Jharkhand,Middle,2509,2027,91,Bowling,7.43
Syed Mushtaq Ali Trophy,Jharkhand,Powerplay,1539,1391,49,Bowling,6.64
Syed Mushtaq Ali Trophy,Karnataka,Death,1994,1442,137,Bowling,8.3
Syed Mushtaq Ali Trophy,Karnataka,Middle,3422,2937,146,Bowling,6.99
Syed Mushtaq Ali Trophy,Karnataka,Powerplay,2346,1996,84,Bowling,7.05
Syed Mushtaq Ali Trophy,Kerala,Death,1532,1003,71,Bowling,9.16
Syed Mushtaq Ali Trophy,Kerala,Middle,2391,2081,100,Bowling,6.89
Syed Mushtaq Ali Trophy,Kerala,Powerplay,1619,1441,63,Bowling,6.74
Syed Mushtaq Ali Trophy,Madhya Pradesh,Death,1534,1044,70,Bowling,8.82
Syed Mushtaq Ali Trophy,Madhya Pradesh,Middle,2585,2256,104,Bowling,6.88
Syed Mushtaq Ali Trophy,Madhya Pradesh,Powerplay,1728,1533,64,Bowling,6.76
Syed Mushtaq Ali Trophy,Maharashtra,Death,1453,920,76,Bowling,9.48
Syed Mushtaq Ali Trophy,Maharashtra,Middle,2425,2072,105,Bowling,7.02
Syed Mushtaq Ali Trophy,Maharashtra,Powerplay,1601,1458,69,Bowling,6.59
Syed Mushtaq Ali Trophy,Manipur,Death,847,445,33,Bowling,11.42
Syed Mushtaq Ali Trophy,Manipur,Middle,1504,1183,41,Bowling,7.63
Syed Mushtaq Ali Trophy,Manipur,Powerplay,1214,946,28,Bowling,7.7
Syed Mushtaq Ali Trophy,Meghalaya,Death,951,621,48,Bowling,9.19
Syed Mushtaq Ali Trophy,Meghalaya,Middle,1453,1310,49,Bowling,6.65
Syed Mushtaq Ali Trophy,Meghalaya,Powerplay,1004,949,36,Bowling,6.35
Syed Mushtaq Ali Trophy,Mizoram,Death,1015,531,35,Bowling,11.47
Syed Mushtaq Ali Trophy,Mizoram,Middle,1770,1316,36,Bowling,8.07
Syed Mushtaq Ali Trophy,Mizoram,Powerplay,1441,1067,32,Bowling,8.1
Syed Mushtaq Ali Trophy,Mumbai,Death,2182,1536,133,Bowling,8.52
Syed Mushtaq Ali Trophy,Mumbai,Middle,3602,3087,146,Bowling,7.0
Syed Mushtaq Ali Trophy,Mumbai,Powerplay,2525,2099,89,Bowling,7.22
Syed Mushtaq Ali Trophy,Nagaland,Death,620,371,28,Bowling,10.03
Syed Mushtaq Ali Trophy,Nagaland,Middle,1477,1189,55,Bowling,7.45
Syed Mushtaq Ali Trophy,Nagaland,Powerplay,1087,939,27,Bowling,6.95
Syed Mushtaq Ali Trophy,Odisha,Death,705,556,52,Bowling,7.61
Syed Mushtaq Ali Trophy,Odisha,Middle,1628,1463,60,Bowling,6.68
Syed Mushtaq Ali Trophy,Odisha,Powerplay,1197,1000,40,Bowling,7.18
Syed Mushtaq Ali Trophy,Puducherry,Death,902,619,44,Bowling,8.74
Syed Mushtaq Ali Trophy,Puducherry,Middle,1653,1391,51,Bowling,7.13
Syed Mushtaq Ali Trophy,Puducherry,Powerplay,1065,955,39,Bowling,6.69
Syed Mushtaq Ali Trophy,Punjab,Death,2025,1411,113,Bowling,8.61
Syed Mushtaq Ali Trophy,Punjab,Middle,3338,2887,140,Bowling,6.94
Syed Mushtaq Ali Trophy,Punjab,Powerplay,2163,1950,96,Bowling,6.66
Syed Mushtaq Ali Trophy,Railways,Death,1716,1060,77,Bowling,9.71
Syed Mushtaq Ali Trophy,Railways,Middle,2788,2288,86,Bowling,7.31
Syed Mushtaq Ali Trophy,Railways,Powerplay,1795,1542,66,Bowling,6.98
Syed Mushtaq Ali Trophy,Rajasthan,Death,1246,924,92,Bowling,8.09
Syed Mushtaq Ali Trophy,Rajasthan,Middle,2048,1980,107,Bowling,6.21
Syed Mushtaq Ali Trophy,Rajasthan,Powerplay,1308,1342,65,Bowling,5.85
Syed Mushtaq Ali Trophy,Saurashtra,Death,1480,1069,108,Bowling,8.31
Syed Mushtaq Ali Trophy,Saurashtra,Middle,2615,2244,103,Bowling,6.99
Syed Mushtaq Ali Trophy,Saurashtra,Powerplay,1693,1520,73,Bowling,6.68
Syed Mushtaq Ali Trophy,Services,Death,1373,862,75,Bowling,9.56
Syed Mushtaq Ali Trophy,Services,Middle,1803,1622,72,Bowling,6.67
Syed Mushtaq Ali Trophy,Services,Powerplay,1296,1111,48,Bowling,7.0
Syed Mushtaq Ali Trophy,Sikkim,Death,479,314,22,Bowling,9.15
Syed Mushtaq Ali Trophy,Sikkim,Middle,1197,892,26,Bowling,8.05
Syed Mushtaq Ali Trophy,Sikkim,Powerplay,915,775,24,Bowling,7.08
Syed Mushtaq Ali Trophy,Tamil Nadu,Death,1862,1284,108,Bowling,8.7
Syed Mushtaq Ali Trophy,Tamil Nadu,Middle,2700,2670,131,Bowling,6.07
Syed Mushtaq Ali Trophy,Tamil Nadu,Powerplay,1865,1784,92,Bowling,6.27
Syed Mushtaq Ali Trophy,Tripura,Death,1111,781,53,Bowling,8.54
Syed Mushtaq Ali Trophy,Tripura,Middle,2042,1824,71,Bowling,6.72
Syed Mushtaq Ali Trophy,Tripura,Powerplay,1553,1361,46,Bowling,6.85
Syed Mushtaq Ali Trophy,Uttar Pradesh,Death,1603,1204,96,Bowling,7.99
Syed Mushtaq Ali Trophy,Uttar Pradesh,Middle,2761,2456,120,Bowling,6.75
Syed Mushtaq Ali Trophy,Uttar Pradesh,Powerplay,1923,1746,86,Bowling,6.61
Syed Mushtaq Ali Trophy,Uttarakhand,Death,1040,638,55,Bowling,9.78
Syed Mushtaq Ali Trophy,Uttarakhand,Middle,1506,1328,46,Bowling,6.8
Syed Mushtaq Ali Trophy,Uttarakhand,Powerplay,1097,964,41,Bowling,6.83
Syed Mushtaq Ali Trophy,Vidarbha,Death,1480,1139,115,Bowling,7.8
Syed Mushtaq Ali Trophy,Vidarbha,Middle,2513,2462,125,Bowling,6.12
Syed Mushtaq Ali Trophy,Vidarbha,Powerplay,1932,1698,84,Bowling,6.83
T20I,Argentina,Death,1210,1194,110,Bowling,6.08
T20I,Argentina,Middle,2311,2645,130,Bowling,5.24
T20I,Argentina,Powerplay,1631,1997,95,Bowling,4.9
T20I,Australia,Death,13449,10068,910,Bowling,8.01
T20I,Australia,Middle,23583,20472,994,Bowling,6.91
T20I,Australia,Powerplay,16192,14310,672,Bowling,6.79
T20I,Austria,Death,3164,2392,212,Bowling,7.94
T20I,Austria,Middle,6042,5394,281,Bowling,6.72
T20I,Austria,Powerplay,4339,3919,183,Bowling,6.64
T20I,Bahamas,Death,809,626,67,Bowling,7.75
T20I,Bahamas,Middle,1546,1412,70,Bowling,6.57
T20I,Bahamas,Powerplay,1328,1142,34,Bowling,6.98
T20I,Bahrain,Death,4317,3329,316,Bowling,7.78
T20I,Bahrain,Middle,8545,7654,363,Bowling,6.7
T20I,Bahrain,Powerplay,5907,5641,232,Bowling,6.28
T20I,Bangladesh,Death,10606,7737,650,Bowling,8.22
T20I,Bangladesh,Middle,18692,16735,798,Bowling,6.7
T20I,Bangladesh,Powerplay,13277,11953,520,Bowling,6.66
T20I,Barbados,Middle,135,128,5,Bowling,6.33
T20I,Barbados,Powerplay,125,120,4,Bowling,6.25
T20I,Belgium,Death,1549,1252,111,Bowling,7.42
T20I,Belgium,Middle,3700,3252,151,Bowling,6.83
T20I,Belgium,Powerplay,2614,2338,104,Bowling,6.71
T20I,Belize,Death,401,342,33,Bowling,7.04
T20I,Belize,Middle,742,681,39,Bowling,6.54
T20I,Belize,Powerplay,688,558,20,Bowling,7.4
T20I,Bermuda,Death,1127,1073,98,Bowling,6.3
T20I,Bermuda,Middle,2371,2487,142,Bowling,5.72
T20I,Bermuda,Powerplay,1805,1878,94,Bowling,5.77
T20I,Bhutan,Death,2092,1801,148,Bowling,6.97
T20I,Bhutan,Middle,3658,4040,192,Bowling,5.43
T20I,Bhutan,Powerplay,2902,3086,127,Bowling,5.64
T20I,Botswana,Death,2759,2301,185,Bowling,7.19
T20I,Botswana,Middle,5505,6080,364,Bowling,5.43
T20I,Botswana,Powerplay,4398,4688,208,Bowling,5.63
T20I,Brazil,Death,1367,1284,124,Bowling,6.39
T20I,Brazil,Middle,2873,3252,183,Bowling,5.3
T20I,Brazil,Powerplay,1775,2465,129,Bowling,4.32
T20I,Bulgaria,Death,2416,1667,111,Bowling,8.7
T20I,Bulgaria,Middle,5036,4214,169,Bowling,7.17
T20I,Bulgaria,Powerplay,4048,3239,103,Bowling,7.5
T20I,Cambodia,Death,1083,793,59,Bowling,8.19
T20I,Cambodia,Middle,2330,2088,97,Bowling,6.7
T20I,Cambodia,Powerplay,1817,1690,64,Bowling,6.45
T20I,Cameroon,Death,839,668,51,Bowling,7.54
T20I,Cameroon,Middle,1699,1890,99,Bowling,5.39
T20I,Cameroon,Powerplay,1665,1768,72,Bowling,5.65
T20I,Canada,Death,2690,2222,198,Bowling,7.26
T20I,Canada,Middle,5157,5366,282,Bowling,5.77
T20I,Canada,Powerplay,3885,3872,183,Bowling,6.02
T20I,Cayman Islands,Death,1238,907,69,Bowling,8.19
T20I,Cayman Islands,Middle,2197,2131,108,Bowling,6.19
T20I,Cayman Islands,Powerplay,1634,1558,69,Bowling,6.29
T20I,Chile,Middle,355,211,6,Bowling,10.09
T20I,Chile,Powerplay,363,284,7,Bowling,7.67
T20I,China,Death,1242,1230,107,Bowling,6.06
T20I,China,Middle,2160,2557,120,Bowling,5.07
T20I,China,Powerplay,1479,1988,82,Bowling,4.46
T20I,Cook Islands,Death,956,767,67,Bowling,7.48
T20I,Cook Islands,Middle,1918,1868,93,Bowling,6.16
T20I,Cook Islands,Powerplay,1352,1377,51,Bowling,5.89
T20I,Costa Rica,Death,369,346,19,Bowling,6.4
T20I,Costa Rica,Middle,782,877,46,Bowling,5.35
T20I,Costa Rica,Powerplay,572,684,31,Bowling,5.02
T20I,Croatia,Death,1104,790,48,Bowling,8.38
T20I,Croatia,Middle,2316,1952,76,Bowling,7.12
T20I,Croatia,Powerplay,1938,1679,66,Bowling,6.93
T20I,Cyprus,Death,1507,1458,144,Bowling,6.2
T20I,Cyprus,Middle,3306,3474,190,Bowling,5.71
T20I,Cyprus,Powerplay,2106,2451,126,Bowling,5.16
T20I,Czech Republic,Death,2154,1707,136,Bowling,7.57
T20I,Czech Republic,Middle,4268,3883,174,Bowling,6.59
T20I,Czech Republic,Powerplay,3229,2897,109,Bowling,6.69
T20I,Denmark,Death,1990,1780,169,Bowling,6.71
T20I,Denmark,Middle,3812,3972,214,Bowling,5.76
T20I,Denmark,Powerplay,2611,2735,121,Bowling,5.73
T20I,England,Death,14669,10530,947,Bowling,8.36
T20I,England,Middle,24848,21554,1039,Bowling,6.92
T20I,England,Powerplay,17869,15156,671,Bowling,7.07
T20I,Estonia,Death,1413,1201,118,Bowling,7.06
T20I,Estonia,Middle,3120,2903,135,Bowling,6.45
T20I,Estonia,Powerplay,2235,2149,93,Bowling,6.24
T20I,Eswatini,Death,1565,1156,74,Bowling,8.12
T20I,Eswatini,Middle,2640,2358,96,Bowling,6.72
T20I,Eswatini,Powerplay,1930,1788,59,Bowling,6.48
T20I,Fiji,Death,715,651,44,Bowling,6.59
T20I,Fiji,Middle,1650,1599,77,Bowling,6.19
T20I,Fiji,Powerplay,1251,1264,55,Bowling,5.94
T20I,Finland,Death,1394,1202,110,Bowling,6.96
T20I,Finland,Middle,3184,3057,148,Bowling,6.25
T20I,Finland,Powerplay,2145,2142,97,Bowling,6.01
T20I,France,Death,1829,1467,143,Bowling,7.48
T20I,France,Middle,3616,3513,185,Bowling,6.18
T20I,France,Powerplay,2976,2702,120,Bowling,6.61
T20I,Gambia,Death,405,200,11,Bowling,12.15
T20I,Gambia,Middle,508,421,20,Bowling,7.24
T20I,Gambia,Powerplay,463,364,11,Bowling,7.63
T20I,Germany,Death,3773,3229,301,Bowling,7.01
T20I,Germany,Middle,6938,7197,368,Bowling,5.78
T20I,Germany,Powerplay,4865,5004,207,Bowling,5.83
T20I,Ghana,Death,1194,981,89,Bowling,7.3
T20I,Ghana,Middle,2254,2271,122,Bowling,5.96
T20I,Ghana,Powerplay,1718,1750,64,Bowling,5.89
T20I,Gibraltar,Death,2132,1377,108,Bowling,9.29
T20I,Gibraltar,Middle,4627,3736,181,Bowling,7.43
T20I,Gibraltar,Powerplay,3126,2669,107,Bowling,7.03
T20I,Greece,Death,906,797,56,Bowling,6.82
T20I,Greece,Middle,2258,2349,115,Bowling,5.77
T20I,Greece,Powerplay,1979,1940,74,Bowling,6.12
T20I,Guernsey,Death,1422,1173,110,Bowling,7.27
T20I,Guernsey,Middle,2794,2742,152,Bowling,6.11
T20I,Guernsey,Powerplay,2082,1924,82,Bowling,6.49
T20I,Hong Kong,Death,6234,5227,465,Bowling,7.16
T20I,Hong Kong,Middle,11622,11900,566,Bowling,5.86
T20I,Hong Kong,Powerplay,8123,8469,421,Bowling,5.75
T20I,Hungary,Death,1543,1030,90,Bowling,8.99
T20I,Hungary,Middle,3182,2487,118,Bowling,7.68
T20I,Hungary,Powerplay,2394,1900,83,Bowling,7.56
T20I,ICC World XI,Death,245,128,11,Bowling,11.48
T20I,ICC World XI,Middle,314,222,6,Bowling,8.49
T20I,ICC World XI,Powerplay,194,148,2,Bowling,7.86
T20I,India,Death,15567,11510,1068,Bowling,8.11
T20I,India,Middle,28609,24423,1201,Bowling,7.03
T20I,India,Powerplay,18948,16734,732,Bowling,6.79
T20I,Indonesia,Death,3902,3520,288,Bowling,6.65
T20I,Indonesia,Middle,7387,8380,458,Bowling,5.29
T20I,Indonesia,Powerplay,5803,6166,314,Bowling,5.65
T20I,Ireland,Death,8842,6873,630,Bowling,7.72
T20I,Ireland,Middle,16851,15052,673,Bowling,6.72
T20I,Ireland,Powerplay,11405,10571,450,Bowling,6.47
T20I,Isle of Man,Death,858,845,73,Bowling,6.09
T20I,Isle of Man,Middle,2275,2348,113,Bowling,5.81
T20I,Isle of Man,Powerplay,1607,1695,80,Bowling,5.69
T20I,Israel,Death,396,272,24,Bowling,8.74
T20I,Israel,Middle,862,750,35,Bowling,6.9
T20I,Israel,Powerplay,823,648,26,Bowling,7.62
T20I,Italy,Death,2122,1777,160,Bowling,7.16
T20I,Italy,Middle,3867,3826,173,Bowling,6.06
T20I,Italy,Powerplay,2761,2775,122,Bowling,5.97
T20I,Ivory Coast,Death,333,171,8,Bowling,11.68
T20I,Ivory Coast,Middle,534,349,10,Bowling,9.18
T20I,Ivory Coast,Powerplay,577,373,8,Bowling,9.28
T20I,Japan,Death,2233,2126,197,Bowling,6.3
T20I,Japan,Middle,4527,5440,302,Bowling,4.99
T20I,Japan,Powerplay,3227,3971,184,Bowling,4.88
T20I,Jersey,Death,1960,1772,163,Bowling,6.64
T20I,Jersey,Middle,3653,3891,230,Bowling,5.63
T20I,Jersey,Powerplay,2580,2713,135,Bowling,5.71
T20I,Kenya,Death,4251,3522,330,Bowling,7.24
T20I,Kenya,Middle,7635,8182,456,Bowling,5.6
T20I,Kenya,Powerplay,5542,5863,295,Bowling,5.67
T20I,Kuwait,Death,3624,2895,242,Bowling,7.51
T20I,Kuwait,Middle,5915,6228,304,Bowling,5.7
T20I,Kuwait,Powerplay,4832,4673,206,Bowling,6.2
T20I,Lesotho,Death,1353,1037,66,Bowling,7.83
T20I,Lesotho,Middle,2485,2278,102,Bowling,6.55
T20I,Lesotho,Powerplay,2092,1924,61,Bowling,6.52
T20I,Luxembourg,Death,2214,1565,148,Bowling,8.49
T20I,Luxembourg,Middle,4185,3447,132,Bowling,7.28
T20I,Luxembourg,Powerplay,2841,2516,104,Bowling,6.78
T20I,Malawi,Death,1840,1583,139,Bowling,6.97
T20I,Malawi,Middle,3950,4312,219,Bowling,5.5
T20I,Malawi,Powerplay,3140,3345,168,Bowling,5.63
T20I,Malaysia,Death,5665,4741,422,Bowling,7.17
T20I,Malaysia,Middle,10737,11239,538,Bowling,5.73
T20I,Malaysia,Powerplay,7697,8216,366,Bowling,5.62
T20I,Maldives,Death,1196,826,64,Bowling,8.69
T20I,Maldives,Middle,2352,2004,84,Bowling,7.04
T20I,Maldives,Powerplay,2022,1609,71,Bowling,7.54
T20I,Mali,Death,278,197,14,Bowling,8.47
T20I,Mali,Middle,433,406,15,Bowling,6.4
T20I,Mali,Powerplay,660,509,22,Bowling,7.78
T20I,Malta,Death,2727,2063,179,Bowling,7.93
T20I,Malta,Middle,5504,4742,209,Bowling,6.96
T20I,Malta,Powerplay,4185,3454,146,Bowling,7.27
T20I,Mexico,Death,715,724,65,Bowling,5.93
T20I,Mexico,Middle,1609,1832,120,Bowling,5.27
T20I,Mexico,Powerplay,1191,1339,64,Bowling,5.34
T20I,Mongolia,Death,967,607,38,Bowling,9.56
T20I,Mongolia,Middle,1729,1336,38,Bowling,7.76
T20I,Mongolia,Powerplay,1370,1179,35,Bowling,6.97
T20I,Mozambique,Death,1510,1334,104,Bowling,6.79
T20I,Mozambique,Middle,3106,3245,161,Bowling,5.74
T20I,Mozambique,Powerplay,2605,2641,116,Bowling,5.92
T20I,Myanmar,Death,1316,1369,129,Bowling,5.77
T20I,Myanmar,Middle,2518,3012,145,Bowling,5.02
T20I,Myanmar,Powerplay,2317,2591,115,Bowling,5.37
T20I,Namibia,Death,5749,5115,419,Bowling,6.74
T20I,Namibia,Middle,10388,11018,557,Bowling,5.66
T20I,Namibia,Powerplay,7053,7786,329,Bowling,5.44
T20I,Nepal,Death,5785,4992,473,Bowling,6.95
T20I,Nepal,Middle,10284,10935,574,Bowling,5.64
T20I,Nepal,Powerplay,7369,7932,377,Bowling,5.57
T20I,Netherlands,Death,6639,5287,464,Bowling,7.53
T20I,Netherlands,Middle,12084,11411,529,Bowling,6.35
T20I,Netherlands,Powerplay,8284,8063,377,Bowling,6.16
T20I,New Zealand,Death,13542,9683,823,Bowling,8.39
T20I,New Zealand,Middle,24482,20980,1047,Bowling,7.0
T20I,New Zealand,Powerplay,17162,14587,649,Bowling,7.06
T20I,Nigeria,Death,3257,2968,265,Bowling,6.58
T20I,Nigeria,Middle,6717,7253,425,Bowling,5.56
T20I,Nigeria,Powerplay,4911,5454,251,Bowling,5.4
T20I,Norway,Death,2065,1777,145,Bowling,6.97
T20I,Norway,Middle,4420,4334,221,Bowling,6.12
T20I,Norway,Powerplay,3262,3215,156,Bowling,6.09
T20I,Oman,Death,4709,3643,307,Bowling,7.76
T20I,Oman,Middle,8255,7849,381,Bowling,6.31
T20I,Oman,Powerplay,5928,5567,236,Bowling,6.39
T20I,Pakistan,Death,14747,10927,973,Bowling,8.1
T20I,Pakistan,Middle,26274,23615,1143,Bowling,6.68
T20I,Pakistan,Powerplay,18502,16462,699,Bowling,6.74
T20I,Panama,Death,680,560,51,Bowling,7.29
T20I,Panama,Middle,1433,1446,80,Bowling,5.95
T20I,Panama,Powerplay,1181,1107,34,Bowling,6.4
T20I,Papua New Guinea,Death,3342,2762,262,Bowling,7.26
T20I,Papua New Guinea,Middle,5784,6328,333,Bowling,5.48
T20I,Papua New Guinea,Powerplay,4157,4391,207,Bowling,5.68
T20I,Philippines,Death,1939,1546,148,Bowling,7.53
T20I,Philippines,Middle,3762,3403,134,Bowling,6.63
T20I,Philippines,Powerplay,2402,2449,112,Bowling,5.88
T20I,Portugal,Death,1527,1259,130,Bowling,7.28
T20I,Portugal,Middle,3065,3022,155,Bowling,6.09
T20I,Portugal,Powerplay,2099,2162,122,Bowling,5.83
T20I,Qatar,Death,3167,2392,216,Bowling,7.94
T20I,Qatar,Middle,5900,5429,247,Bowling,6.52
T20I,Qatar,Powerplay,4487,4030,155,Bowling,6.68
T20I,Romania,Death,2556,1916,166,Bowling,8.0
T20I,Romania,Middle,5161,4503,237,Bowling,6.88
T20I,Romania,Powerplay,3729,3311,153,Bowling,6.76
T20I,Rwanda,Death,4957,4453,399,Bowling,6.68
T20I,Rwanda,Middle,9578,10406,602,Bowling,5.52
T20I,Rwanda,Powerplay,6799,7632,347,Bowling,5.35
T20I,Samoa,Death,1138,930,92,Bowling,7.34
T20I,Samoa,Middle,2552,2517,126,Bowling,6.08
T20I,Samoa,Powerplay,1834,1866,82,Bowling,5.9
T20I,Saudi Arabia,Death,2015,1526,127,Bowling,7.92
T20I,Saudi Arabia,Middle,3778,3135,115,Bowling,7.23
T20I,Saudi Arabia,Powerplay,2703,2370,111,Bowling,6.84
T20I,Scotland,Death,5549,4144,369,Bowling,8.03
T20I,Scotland,Middle,10081,9423,493,Bowling,6.42
T20I,Scotland,Powerplay,7175,6794,326,Bowling,6.34
T20I,Serbia,Death,1478,1253,107,Bowling,7.08
T20I,Serbia,Middle,3776,3273,147,Bowling,6.92
T20I,Serbia,Powerplay,2445,2266,98,Bowling,6.47
T20I,Seychelles,Death,498,298,23,Bowling,10.03
T20I,Seychelles,Middle,1031,848,33,Bowling,7.29
T20I,Seychelles,Powerplay,797,682,22,Bowling,7.01
T20I,Sierra Leone,Death,2182,1875,154,Bowling,6.98
T20I,Sierra Leone,Middle,4151,4596,241,Bowling,5.42
T20I,Sierra Leone,Powerplay,3150,3491,134,Bowling,5.41
T20I,Singapore,Death,3125,2382,186,Bowling,7.87
T20I,Singapore,Middle,7021,6328,284,Bowling,6.66
T20I,Singapore,Powerplay,5209,4865,211,Bowling,6.42
T20I,Slovenia,Death,574,315,25,Bowling,10.93
T20I,Slovenia,Middle,1151,833,36,Bowling,8.29
T20I,Slovenia,Powerplay,1091,737,32,Bowling,8.88
T20I,South Africa,Death,13436,9763,818,Bowling,8.26
T20I,South Africa,Middle,24644,20808,972,Bowling,7.11
T20I,South Africa,Powerplay,17103,14637,632,Bowling,7.01
T20I,South Korea,Death,853,628,56,Bowling,8.15
T20I,South Korea,Middle,1523,1278,61,Bowling,7.15
T20I,South Korea,Powerplay,1206,1056,33,Bowling,6.85
T20I,Spain,Death,1407,1378,124,Bowling,6.13
T20I,Spain,Middle,2637,3127,197,Bowling,5.06
T20I,Spain,Powerplay,1881,2199,119,Bowling,5.13
T20I,Sri Lanka,Death,12019,8537,714,Bowling,8.45
T20I,Sri Lanka,Middle,22281,19562,874,Bowling,6.83
T20I,Sri Lanka,Powerplay,15680,13789,583,Bowling,6.82
T20I,St Helena,Death,279,220,19,Bowling,7.61
T20I,St Helena,Middle,605,539,32,Bowling,6.73
T20I,St Helena,Powerplay,543,461,11,Bowling,7.07
T20I,Suriname,Death,232,241,30,Bowling,5.78
T20I,Suriname,Middle,691,687,34,Bowling,6.03
T20I,Suriname,Powerplay,589,535,20,Bowling,6.61
T20I,Swaziland,Middle,229,189,5,Bowling,7.27
T20I,Swaziland,Powerplay,223,197,11,Bowling,6.79
T20I,Sweden,Death,2104,1700,161,Bowling,7.43
T20I,Sweden,Middle,3752,3763,215,Bowling,5.98
T20I,Sweden,Powerplay,2597,2747,135,Bowling,5.67
T20I,Switzerland,Death,1858,1474,130,Bowling,7.56
T20I,Switzerland,Middle,3255,3121,156,Bowling,6.26
T20I,Switzerland,Powerplay,2166,2171,98,Bowling,5.99
T20I,Tanzania,Death,2985,2618,270,Bowling,6.84
T20I,Tanzania,Middle,6048,6726,371,Bowling,5.4
T20I,Tanzania,Powerplay,4351,4822,235,Bowling,5.41
T20I,Thailand,Death,3964,3981,432,Bowling,5.97
T20I,Thailand,Middle,7748,9523,544,Bowling,4.88
T20I,Thailand,Powerplay,5773,7071,366,Bowling,4.9
T20I,Timor-Leste,Middle,152,127,5,Bowling,7.18
T20I,Timor-Leste,Powerplay,380,263,6,Bowling,8.67
T20I,Turkey,Death,972,777,66,Bowling,7.51
T20I,Turkey,Middle,2272,2056,103,Bowling,6.63
T20I,Turkey,Powerplay,1955,1665,68,Bowling,7.05
T20I,Turks and Caicos Island,Middle,185,181,9,Bowling,6.13
T20I,Turks and Caicos Island,Powerplay,133,154,5,Bowling,5.18
T20I,Uganda,Death,5211,4992,527,Bowling,6.26
T20I,Uganda,Middle,9592,11213,647,Bowling,5.13
T20I,Uganda,Powerplay,6587,7859,366,Bowling,5.03
T20I,United Arab Emirates,Death,6858,5773,520,Bowling,7.13
T20I,United Arab Emirates,Middle,12058,12647,672,Bowling,5.72
T20I,United Arab Emirates,Powerplay,8537,9014,425,Bowling,5.68
T20I,United States of America,Death,3245,2713,233,Bowling,7.18
T20I,United States of America,Middle,5480,5621,292,Bowling,5.85
T20I,United States of America,Powerplay,4192,4080,176,Bowling,6.16
T20I,Uzbekistan,Middle,215,127,4,Bowling,10.16
T20I,Uzbekistan,Powerplay,249,153,5,Bowling,9.76
T20I,Vanuatu,Death,1782,1494,143,Bowling,7.16
T20I,Vanuatu,Middle,3584,3707,186,Bowling,5.8
T20I,Vanuatu,Powerplay,2620,2689,125,Bowling,5.85
T20I,West Indies,Death,13519,9538,835,Bowling,8.5
T20I,West Indies,Middle,24190,20427,869,Bowling,7.11
T20I,West Indies,Powerplay,17164,14248,608,Bowling,7.23
T20I,Zambia,Death,700,594,52,Bowling,7.07
T20I,Zambia,Middle,1274,1188,49,Bowling,6.43
T20I,Zambia,Powerplay,883,863,36,Bowling,6.14
T20I,Zimbabwe,Death,9003,6645,549,Bowling,8.13
T20I,Zimbabwe,Middle,15929,14113,612,Bowling,6.77
T20I,Zimbabwe,Powerplay,10865,9897,409,Bowling,6.59
WPL,Delhi Capitals,Death,1555,1064,103,Bowling,8.77
WPL,Delhi Capitals,Middle,2527,2065,82,Bowling,7.34
WPL,Delhi Capitals,Powerplay,1498,1380,60,Bowling,6.51
WPL,Gujarat Giants,Death,1392,758,63,Bowling,11.02
WPL,Gujarat Giants,Middle,2505,1800,75,Bowling,8.35
WPL,Gujarat Giants,Powerplay,1595,1289,56,Bowling,7.42
WPL,Mumbai Indians,Death,1401,931,80,Bowling,9.03
WPL,Mumbai Indians,Middle,2397,2006,103,Bowling,7.17
WPL,Mumbai Indians,Powerplay,1631,1375,73,Bowling,7.12
WPL,Royal Challengers Bangalore,Death,625,421,40,Bowling,8.91
WPL,Royal Challengers Bangalore,Middle,1315,987,44,Bowling,7.99
WPL,Royal Challengers Bangalore,Powerplay,888,681,16,Bowling,7.82
WPL,Royal Challengers Bengaluru,Death,701,447,40,Bowling,9.41
WPL,Royal Challengers Bengaluru,Middle,1285,951,42,Bowling,8.11
WPL,Royal Challengers Bengaluru,Powerplay,782,645,26,Bowling,7.27
WPL,UP Warriorz,Death,1333,823,71,Bowling,9.72
WPL,UP Warriorz,Middle,2356,1792,70,Bowling,7.89
WPL,UP Warriorz,Powerplay,1580,1227,34,Bowling,7.73
Women's BBL,Adelaide Strikers,Death,4272,3157,284,Bowling,8.12
Women's BBL,Adelaide Strikers,Middle,7820,6971,306,Bowling,6.73
Women's BBL,Adelaide Strikers,Powerplay,4896,4886,203,Bowling,6.01
Women's BBL,Brisbane Heat,Death,4790,3492,299,Bowling,8.23
Women's BBL,Brisbane Heat,Middle,7890,7205,345,Bowling,6.57
Women's BBL,Brisbane Heat,Powerplay,5457,5112,187,Bowling,6.4
Women's BBL,Hobart Hurricanes,Death,3973,2901,250,Bowling,8.22
Women's BBL,Hobart Hurricanes,Middle,7695,6692,280,Bowling,6.9
Women's BBL,Hobart Hurricanes,Powerplay,5024,4714,171,Bowling,6.39
Women's BBL,Melbourne Renegades,Death,4169,2957,262,Bowling,8.46
Women's BBL,Melbourne Renegades,Middle,7677,6634,280,Bowling,6.94
Women's BBL,Melbourne Renegades,Powerplay,4887,4685,167,Bowling,6.26
Women's BBL,Melbourne Stars,Death,3978,2919,237,Bowling,8.18
Women's BBL,Melbourne Stars,Middle,7328,6440,280,Bowling,6.83
Women's BBL,Melbourne Stars,Powerplay,5046,4850,190,Bowling,6.24
Women's BBL,Perth Scorchers,Death,4520,3398,310,Bowling,7.98
Women's BBL,Perth Scorchers,Middle,8314,7365,321,Bowling,6.77
Women's BBL,Perth Scorchers,Powerplay,5168,5131,194,Bowling,6.04
Women's BBL,Sydney Sixers,Death,4151,3098,302,Bowling,8.04
Women's BBL,Sydney Sixers,Middle,8015,7069,342,Bowling,6.8
Women's BBL,Sydney Sixers,Powerplay,5062,4892,202,Bowling,6.21
Women's BBL,Sydney Thunder,Death,4178,3126,288,Bowling,8.02
Women's BBL,Sydney Thunder,Middle,7456,6439,286,Bowling,6.95
Women's BBL,Sydney Thunder,Powerplay,4505,4415,165,Bowling,6.12
Women's CPL,Barbados Royals,Death,604,505,52,Bowling,7.18
Women's CPL,Barbados Royals,Middle,929,993,43,Bowling,5.61
Women's CPL,Barbados Royals,Powerplay,666,677,27,Bowling,5.9
Women's CPL,Barbados Tridents,Middle,181,176,7,Bowling,6.17
Women's CPL,Barbados Tridents,Powerplay,243,159,4,Bowling,9.17
Women's CPL,Guyana Amazon Warriors,Death,676,560,59,Bowling,7.24
Women's CPL,Guyana Amazon Warriors,Middle,1193,1141,60,Bowling,6.27
Women's CPL,Guyana Amazon Warriors,Powerplay,742,798,28,Bowling,5.58
Women's CPL,Jamaica Empress,Middle,180,141,3,Bowling,7.66
Women's CPL,Trinbago Knight Riders,Death,503,425,41,Bowling,7.1
Women's CPL,Trinbago Knight Riders,Middle,1026,990,51,Bowling,6.22
Women's CPL,Trinbago Knight Riders,Powerplay,762,736,25,Bowling,6.21
