batsman,total_runs,strike_rate,powerplay_sr,middle_sr,death_sr,boundary_pct,cluster
R Ashwin,833,114.42307692307692,101.23456790123457,103.8338658146965,127.96352583586625,12.774725274725274,0
PP Chawla,624,107.58620689655172,114.28571428571428,89.51965065502183,119.5845697329377,13.10344827586207,0
M Manhas,514,105.76131687242798,92.42424242424242,96.12403100775194,132.46753246753246,10.905349794238683,0
DT Christian,460,112.74509803921569,35.714285714285715,97.48743718592965,133.84615384615384,10.294117647058822,0
J Botha,409,112.36263736263736,78.87323943661971,112.43523316062176,137.75510204081633,12.087912087912088,0
LR Shukla,405,113.12849162011173,58.333333333333336,100.0,137.95620437956205,13.687150837988826,0
AL Menaria,401,109.26430517711172,81.48148148148148,109.09090909090908,121.53846153846153,11.444141689373296,0
CA Pujara,390,96.7741935483871,94.47236180904522,100.0,133.33333333333331,13.399503722084367,0
A Mishra,381,86.5909090909091,71.42857142857143,65.3658536585366,107.23981900452489,8.181818181818182,0
S Sohal,368,118.32797427652733,140.2173913043478,137.5,44.44444444444444,16.720257234726688,0
B Kumar,354,90.3061224489796,112.68069868372922,62.5,98.35526315789474,9.693877551020408,0
KV Sharma,352,114.65798045602607,66.66666666666666,93.44262295081968,134.1176470588235,12.052117263843648,0
P Kumar,340,105.26315789473684,112.68069868372922,96.92307692307692,108.4,12.074303405572756,0
JEC Franklin,327,105.8252427184466,96.15384615384616,107.94701986754967,150.0,11.003236245954692,0
R Vinay Kumar,310,107.26643598615917,112.68069868372922,86.58536585365853,115.45893719806763,10.380622837370241,0
Lalit Yadav,305,101.32890365448506,68.88888888888889,105.43478260869566,111.11111111111111,11.295681063122924,0
UBT Chand,300,95.54140127388536,95.0920245398773,104.03225806451613,87.5,13.05732484076433,0
SP Goswami,293,95.43973941368078,97.0059880239521,106.25,73.33333333333333,11.400651465798045,0
Y Nagar,285,105.1660516605166,45.45454545454545,86.75496688741721,136.69724770642202,10.70110701107011,0
GH Vihari,284,85.80060422960725,70.75471698113208,91.07142857142857,103.77358490566037,7.250755287009064,0
VVS Laxman,282,104.0590405904059,106.43274853801171,127.86885245901641,50.0,14.022140221402212,0
HV Patel,280,112.00000000000001,112.68069868372922,90.81632653061224,125.6578947368421,13.200000000000001,0
R Sathish,270,114.40677966101696,0.0,100.79365079365078,138.83495145631068,11.864406779661017,0
K Rabada,262,102.34375,50.0,81.30841121495327,120.27972027972027,12.5,0
M Kaif,259,100.3875968992248,66.66666666666666,107.38636363636364,116.12903225806453,10.852713178294573,0
Harpreet Brar,249,114.74654377880185,112.68069868372922,85.13513513513513,130.06993006993005,13.82488479262673,0
K Goel,218,91.21338912133892,108.27067669172932,73.17073170731707,96.0,10.87866108786611,0
AA Jhunjhunwala,217,99.54128440366972,56.36363636363636,109.01639344262296,132.5,11.009174311926607,0
Kuldeep Yadav,210,79.84790874524715,112.68069868372922,56.75675675675676,88.88888888888889,7.984790874524715,0
UT Yadav,208,98.5781990521327,112.68069868372922,60.0,107.60233918128654,11.848341232227488,0
SK Warne,198,90.41095890410958,112.68069868372922,79.6116504854369,100.0,9.1324200913242,0
AD Russell,2655,163.28413284132841,226.08695652173913,147.23618090452263,187.43801652892563,25.21525215252153,1
N Pooran,2527,155.1258440761203,154.46009389671363,151.18577075098813,166.75,21.792510742786988,1
Abhishek Sharma,2379,161.72671651937458,182.5,157.54716981132074,151.0204081632653,25.01699524133243,1
P Simran Singh,1865,152.8688524590164,153.82475660639778,169.65944272445822,162.16216216216216,23.770491803278688,1
SP Narine,1820,154.49915110356537,166.24405705229793,170.0348432055749,86.48648648648648,26.400679117147707,1
RM Patidar,1612,155.7487922705314,119.50354609929077,166.96428571428572,193.42105263157893,20.869565217391305,1
TM Head,1556,162.25234619395204,184.93408662900188,134.55284552845526,184.31372549019608,26.068821689259646,1
PD Salt,1258,168.63270777479892,179.1866028708134,179.88826815642457,218.18181818181816,27.479892761394105,1
TH David,1151,165.13629842180774,125.0,132.90322580645162,191.644908616188,22.812051649928264,1
V Suryavanshi,1028,217.33615221987316,208.6206896551724,239.0625,325.0,37.420718816067655,1
Priyansh Arya,909,185.13238289205702,198.19494584837545,206.38297872340425,160.27876017610626,30.549898167006113,1
RD Rickelton,836,162.96296296296296,171.23287671232876,187.61061946902655,180.0,25.925925925925924,1
Naman Dhir,710,159.9099099099099,148.88888888888889,137.93103448275863,205.38461538461536,23.423423423423422,1
WG Jacks,602,156.36363636363637,147.48603351955308,161.4035087719298,220.00000000000003,22.857142857142858,1
JP Inglis,544,165.85365853658536,173.8372093023256,150.4132231404959,142.10526315789474,26.21951219512195,1
C Connolly,491,155.37974683544306,138.46153846153845,159.23566878980893,225.0,23.734177215189874,1
A Mhatre,441,176.4,192.66666666666669,175.67567567567568,80.0,29.599999999999998,1
J Fraser-McGurk,385,189.6551724137931,233.33333333333334,150.0,160.27876017610626,33.99014778325123,1
Aniket Verma,315,153.65853658536585,136.36363636363635,142.27642276422765,183.33333333333331,20.975609756097562,1
V Kohli,9346,131.13511996632525,122.27811713977721,128.53244390539723,192.5249169435216,16.332257611898417,2
RG Sharma,7331,129.54585615833184,124.76285571642536,124.49446776039679,187.55980861244018,17.405902102845026,2
DA Warner,6567,135.4299855640338,142.00626959247649,137.88546255506608,174.36974789915968,18.539905135079398,2
KL Rahul,5828,135.47187354718736,130.8688613059903,141.12808460634548,175.96899224806202,17.387261738726174,2
SK Raina,5536,132.53531242518554,125.70253598355036,132.69911504424778,163.9506172839506,16.997845343548,2
AB de Villiers,5181,148.58044164037855,114.59119496855345,138.18897637795274,223.7795275590551,19.128190421565815,2
SV Samson,5181,137.42705570291778,127.06552706552708,139.5621996796583,183.90092879256966,17.90450928381963,2
CH Gayle,4997,142.1217292377702,138.8122375524895,154.99194847020934,193.30143540669857,21.814562002275313,2
F du Plessis,4773,132.39944521497918,140.8004778972521,126.16758241758241,189.0909090909091,17.031900138696255,2
JC Buttler,4647,144.856608478803,139.38942665673864,147.39162380602497,185.95317725752508,20.885286783042396,2
Shubman Gill,4598,137.70589997005092,134.31758530183725,146.03053435114504,148.4581497797357,17.909553758610365,2
SA Yadav,4581,145.24413443246672,134.38914027149323,144.49760765550238,185.32110091743118,20.92580849714648,2
SS Iyer,4233,131.8280909374027,107.5091575091575,139.80301274623406,184.54258675078864,16.69261912176892,2
SR Watson,3880,134.1632088520055,117.03521703521704,154.19664268585132,180.98159509202455,19.605809128630707,2
RR Pant,3879,141.6210295728368,120.1401050788091,137.37083811710679,194.92385786802032,19.423147133990508,2
Ishan Kishan,3600,139.58898797983716,135.46099290780143,145.78096947935367,187.09677419354838,19.930205506010083,2
Q de Kock,3444,131.55080213903742,136.56716417910448,137.2093023255814,189.873417721519,18.220015278838808,2
KA Pollard,3437,140.45770331017573,70.37037037037037,121.28129602356405,171.83098591549296,18.185533306089088,2
YK Pathan,3222,138.04627249357327,132.1875,129.7872340425532,159.77653631284915,18.1662382176521,2
N Rana,3078,133.01642178046674,112.22760290556901,144.54253611556982,171.11111111111111,18.971477960242005,2
HH Pandya,2964,140.0756143667297,100.42016806722688,127.67295597484276,171.08753315649867,18.19470699432892,2
BB McCullum,2882,126.84859154929578,126.46808510638299,128.85375494071147,202.56410256410254,18.617957746478872,2
RD Gaikwad,2839,131.80129990714948,132.39845261121857,139.8936170212766,172.1311475409836,17.038068709377903,2
GJ Maxwell,2820,148.73417721518987,132.46445497630333,150.1251042535446,175.59055118110237,21.044303797468356,2
MA Agarwal,2764,128.7977632805219,121.37614678899082,140.05486968449932,213.33333333333334,17.474370922646784,2
V Sehwag,2728,148.82705946535734,143.3430515063168,170.4119850187266,220.00000000000003,24.004364429896345,2
YBK Jaiswal,2593,148.17142857142858,155.24017467248908,139.13894324853229,208.33333333333334,24.057142857142857,2
B Sai Sudharsan,2515,142.89772727272728,133.14993122420907,147.7215189873418,202.94117647058823,19.375,2
SE Marsh,2489,130.10977522216413,112.04516938519448,147.2160356347439,154.54545454545453,18.13904861474124,2
DR Smith,2385,132.27953410981698,129.7674418604651,151.33779264214047,149.35064935064935,20.077648363838048,2
RA Tripathi,2291,134.21206795547744,137.6590330788804,132.37704918032787,160.0,18.394844756883423,2
MP Stoinis,2242,141.18387909319898,125.23659305993691,129.6153846153846,178.78787878787878,18.765743073047858,2
S Dube,2129,136.91318327974275,101.05263157894737,132.87671232876713,158.35616438356163,17.29903536977492,2
H Klaasen,2104,159.3939393939394,126.77165354330708,152.84280936454851,194.21768707482994,20.151515151515152,2
AC Gilchrist,2069,133.05466237942122,136.38443935926773,145.94594594594594,208.0,21.286173633440512,2
PP Shaw,1892,143.22482967448903,148.5372340425532,158.00711743772243,150.0,22.63436790310371,2
R Parag,1879,138.2634289919058,124.36548223350255,137.06214689265536,152.18978102189783,17.954378219278883,2
Tilak Varma,1858,138.24404761904762,114.1025641025641,133.55481727574752,187.31707317073173,17.410714285714285,2
MR Marsh,1855,143.68706429124708,158.10055865921788,132.05128205128204,145.21739130434784,20.604182804027886,2
KK Nair,1712,128.5285285285285,125.82417582417582,124.60063897763578,185.08771929824562,17.792792792792792,2
VR Iyer,1677,137.12183156173344,132.49027237354085,135.88785046728972,168.0,19.215044971381847,2
JM Bairstow,1674,141.7442845046571,143.015873015873,142.45939675174014,155.17241379310346,20.914479254868755,2
AK Markram,1671,132.1993670886076,131.5136476426799,129.91071428571428,170.16129032258064,15.74367088607595,2
SO Hetmyer,1566,141.0810810810811,98.71794871794873,119.89247311827957,173.71794871794873,17.56756756756757,2
RK Singh,1398,139.1044776119403,110.71428571428572,112.47863247863248,185.6749311294766,18.109452736318406,2
CA Lynn,1329,136.4476386036961,149.79508196721312,129.66360856269114,125.0,20.32854209445585,2
Dhruv Jurel,1195,149.1885143570537,148.4848484848485,138.67924528301887,171.12970711297072,19.975031210986266,2
MM Ali,1167,134.91329479768785,126.40692640692642,135.90263691683572,165.04065040650406,18.728323699421964,2
JM Sharma,1107,147.20744680851064,89.13043478260869,142.68537074148298,171.0144927536232,20.47872340425532,2
ML Hayden,1107,131.94278903456495,130.85106382978725,136.53846153846155,183.33333333333331,19.66626936829559,2
M Vohra,1083,125.49246813441484,126.22061482820976,137.03703703703704,200.0,17.033603707995365,2
DP Conway,1080,136.02015113350126,129.00552486187846,153.1055900621118,152.08333333333331,19.0176322418136,2
LS Livingstone,1066,147.0344827586207,130.5194805194805,140.58956916099774,196.7479674796748,20.137931034482758,2
C Green,1029,146.58119658119656,135.31914893617022,147.78761061946904,162.60162601626016,18.945868945868945,2
KP Pietersen,1001,132.05804749340368,128.90173410404623,126.80722891566265,196.42857142857142,17.282321899736147,2
T Stubbs,986,147.82608695652172,91.07142857142857,120.5513784461153,212.3222748815166,17.391304347826086,2
JA Morkel,975,136.93820224719101,117.3913043478261,117.5,155.16304347826087,16.292134831460675,2
Shashank Singh,905,153.91156462585033,121.95121951219512,129.595015576324,194.24778761061947,20.068027210884352,2
A Raghuvanshi,885,140.9235668789809,137.06896551724137,138.21656050955414,171.0144927536232,19.26751592356688,2
Abdul Samad,859,143.6454849498328,133.33333333333331,123.00613496932516,169.2883895131086,18.394648829431436,2
Nithish Kumar Reddy,787,139.04593639575972,86.20689655172413,141.07648725212465,194.84536082474227,16.96113074204947,2
N Wadhera,784,134.47684391080617,98.73417721518987,139.38053097345133,146.9387755102041,18.353344768439108,2
M Shahrukh Khan,775,140.65335753176043,111.42857142857143,132.57328990228012,157.41626794258374,18.330308529945555,2
Abishek Porel,769,140.32846715328466,137.1841155234657,138.91625615763547,182.75862068965517,19.708029197080293,2
ST Jayasuriya,768,134.03141361256544,144.8170731707317,156.11510791366908,160.27876017610626,21.465968586387437,2
SN Khan,746,134.17266187050362,134.50704225352112,113.25757575757575,170.94594594594594,19.06474820143885,2
E Lewis,654,131.06212424849699,145.84837545126354,122.98136645962734,133.33333333333331,19.639278557114228,2
PJ Cummins,642,146.9107551487414,20.0,143.3862433862434,152.2633744855967,19.221967963386728,2
Rashid Khan,635,146.99074074074073,112.68069868372922,121.81818181818183,155.59006211180125,20.37037037037037,2
CH Morris,618,149.636803874092,211.11111111111111,110.9375,165.57971014492753,18.401937046004843,2
JJ Roy,614,133.47826086956522,133.84615384615384,147.89915966386556,170.0,20.869565217391305,2
D Brevis,606,140.27777777777777,117.75700934579439,144.36860068259386,196.42857142857142,18.75,2
JD Ryder,604,129.6137339055794,139.62962962962965,131.46067415730337,147.36842105263156,18.88412017167382,2
HM Amla,577,138.03827751196172,125.0,147.26027397260273,202.5,19.37799043062201,2
Ashutosh Sharma,564,158.42696629213484,100.0,132.02614379084966,178.7128712871287,22.191011235955056,2
R Powell,555,135.69682151589242,119.04761904761905,113.09523809523809,180.14705882352942,18.581907090464547,2
MK Lomror,527,135.47557840616966,84.44444444444444,150.2222222222222,129.05982905982907,16.195372750642672,2
SE Rutherford,520,132.31552162849874,72.0,128.51063829787236,150.37593984962405,17.302798982188293,2
PC Valthaty,505,116.89814814814814,109.7378277153558,143.39622641509433,207.6923076923077,18.75,2
RR Rossouw,473,147.35202492211837,133.33333333333331,151.70454545454547,200.0,21.806853582554517,2
Sameer Rizvi,424,139.4736842105263,58.333333333333336,143.06930693069307,194.33962264150944,18.421052631578945,2
JR Hopes,417,132.80254777070064,121.80451127819549,144.62809917355372,139.4736842105263,19.10828025477707,2
R Ravindra,413,138.59060402684565,144.2622950819672,140.98360655737704,350.0,18.79194630872483,2
KR Mayers,379,137.31884057971016,147.8494623655914,165.95744680851064,160.27876017610626,21.73913043478261,2
Rahmanullah Gurbaz,363,128.26855123674912,144.80519480519482,145.0,160.27876017610626,19.78798586572438,2
AP Tare,339,118.94736842105263,115.54404145077721,158.97435897435898,161.9047619047619,17.894736842105264,2
Ramandeep Singh,299,141.03773584905662,66.66666666666666,120.89552238805969,184.72222222222223,16.9811320754717,2
Kartik Sharma,295,134.0909090909091,126.53061224489797,130.2816901408451,165.51724137931035,18.181818181818183,2
PBB Rajapaksa,277,137.81094527363186,152.0,133.89830508474577,50.0,18.407960199004975,2
S Dhawan,6769,123.45431333211745,121.79016874541453,126.72764227642277,160.96774193548387,16.797373700528908,3
MS Dhoni,5439,132.626188734455,72.0,104.31184668989546,177.40181268882176,15.581565471836138,3
AM Rahane,5367,122.22728307902528,127.25536992840097,124.04900064474533,160.16597510373444,15.508995672967432,3
RV Uthappa,4954,126.15227909345556,124.59605026929982,128.96755162241888,166.0,16.883116883116884,3
KD Karthik,4843,131.35340385136968,98.29059829059828,121.93577566711895,177.63904653802499,17.005695687550855,3
AT Rayudu,4348,124.58452722063038,101.53172866520788,124.75149105367794,163.92523364485982,15.243553008595988,3
G Gambhir,4217,119.66515323496027,122.35550708833152,123.34152334152336,135.43307086614175,15.635641316685584,3
MK Pandey,4021,118.05637110980622,111.13945578231292,118.89269406392695,148.47645429362882,13.681738109219024,3
RA Jadeja,3526,125.21306818181819,115.1685393258427,108.31733845169546,151.44186046511626,13.707386363636365,3
DA Miller,3288,134.69889389594428,86.0,125.56197816313424,169.98535871156662,15.85415813191315,3
WP Saha,2934,123.90202702702702,136.27556512378902,114.17410714285714,152.0689655172414,16.173986486486484,3
PA Patel,2848,116.62571662571663,127.13675213675214,116.13418530351439,136.95652173913044,16.953316953316953,3
Yuvraj Singh,2754,124.78477571363842,94.5054945054945,121.0762331838565,165.1098901098901,16.628908019936564,3
M Vijay,2619,118.61413043478262,118.5419968304279,137.8512396694215,164.44444444444443,15.307971014492756,3
SPD Smith,2495,124.81240620310155,115.54702495201536,116.68169522091975,167.37160120845923,14.307153576788394,3
JH Kallis,2427,105.93627237014405,102.33029381965552,100.51975051975053,190.56603773584905,13.051069402007856,3
SR Tendulkar,2334,114.18786692759295,110.70075757575756,118.14671814671816,162.96296296296296,15.900195694716244,3
D Padikkal,2270,127.59977515458122,137.57431629013078,123.95833333333333,133.33333333333331,18.043844856661046,3
R Dravid,2174,113.34723670490095,108.37264150943395,118.15950920245399,177.77777777777777,15.48488008342023,3
KS Williamson,2132,122.95271049596307,98.91107078039929,132.42059145673605,160.66350710900474,14.47520184544406,3
AJ Finch,2092,123.34905660377358,114.88250652741515,134.81012658227849,156.15384615384616,17.21698113207547,3
AR Patel,2089,127.76758409785933,106.4748201438849,118.2010582010582,149.54627949183305,15.045871559633028,3
JP Duminy,2029,120.77380952380952,97.66666666666667,106.14583333333334,177.1144278606965,12.202380952380953,3
KH Pandya,1982,128.78492527615336,103.96825396825398,123.49336057201225,149.65034965034965,16.17933723196881,3
MEK Hussey,1977,119.96359223300972,109.58904109589041,134.2301943198804,186.36363636363635,15.169902912621358,3
DPMD Jayawardene,1808,118.7910643889619,111.787072243346,112.10013908205842,169.1891891891892,15.768725361366624,3
Mandeep Singh,1706,120.31029619181946,114.36672967863895,116.37630662020906,155.98086124401914,15.091678420310295,3
MK Tiwary,1695,113.83478844862324,94.91525423728814,107.5,148.2248520710059,13.163196776359973,3
KC Sangakkara,1687,118.4691011235955,108.78136200716845,122.47340425531914,152.68817204301075,15.589887640449437,3
DJ Bravo,1560,125.10024057738573,97.36842105263158,94.72868217054263,180.18018018018017,14.91579791499599,3
NV Ojha,1554,114.26470588235293,94.11764705882352,124.11347517730495,136.6812227074236,14.705882352941178,3
DJ Hooda,1497,123.41302555647155,93.95348837209302,127.05248990578735,140.3225806451613,13.190436933223411,3
SS Tiwary,1494,115.72424477149497,105.42986425339367,109.39849624060149,146.92307692307693,12.470952749806353,3
S Badrinath,1441,115.74297188755021,80.96774193548387,120.11251758087201,157.41626794258374,14.61847389558233,3
EJG Morgan,1406,119.05165114309906,87.60330578512396,114.90963855421687,159.68379446640319,14.902624894157492,3
BJ Hodge,1400,121.42237640936686,94.84536082474226,113.40694006309148,161.96721311475412,14.310494362532525,3
SC Ganguly,1349,101.73453996983409,93.04511278195488,104.06504065040652,160.56338028169014,13.499245852187029,3
DJ Hussey,1322,120.07266121707538,100.60240963855422,113.43669250645996,172.0496894409938,13.623978201634879,3
R Tewatia,1302,130.98591549295776,60.86956521739131,104.19287211740043,160.12145748987854,17.303822937625753,3
V Shankar,1233,125.17766497461929,92.40506329113924,116.14035087719299,167.2,13.807106598984772,3
KM Jadhav,1208,119.36758893280633,84.92063492063492,115.87591240875912,137.8698224852071,14.031620553359684,3
A Badoni,1178,133.10734463276836,121.95121951219512,121.04166666666667,161.01083032490976,16.158192090395477,3
TM Dilshan,1153,110.12416427889207,106.50224215246638,103.47222222222223,172.3404255319149,15.663801337153775,3
IK Pathan,1150,116.75126903553299,105.1948051948052,94.20849420849422,148.1578947368421,12.791878172588833,3
LMP Simmons,1079,122.89293849658314,122.67303102625297,139.18495297805643,123.07692307692308,17.425968109339408,3
LRPL Taylor,1017,120.07083825265643,125.6578947368421,109.34065934065933,158.86524822695037,13.223140495867769,3
MC Henriques,1000,124.84394506866417,118.48341232227489,109.00473933649289,173.65269461077844,14.357053682896378,3
SM Curran,997,131.011826544021,115.75342465753424,121.8508997429306,168.13725490196077,16.557161629434955,3
Y Venugopal Rao,985,113.87283236994219,78.15126050420169,108.30188679245283,150.2415458937198,13.179190751445086,3
A Symonds,974,124.71190781049937,100.73529411764706,121.79226069246437,155.19480519480518,14.7247119078105,3
CL White,971,125.45219638242895,78.2312925170068,119.38997821350763,183.76623376623377,14.728682170542637,3
BA Stokes,935,130.22284122562675,124.17582417582418,130.0480769230769,142.22222222222223,15.73816155988858,3
Washington Sundar,888,128.8824383164006,122.22222222222223,112.02185792349727,156.86274509803923,15.965166908563136,3
HH Gibbs,886,105.8542413381123,102.27790432801822,109.8639455782313,169.44444444444443,13.620071684587815,3
STR Binny,880,125.71428571428571,65.38461538461539,117.51152073732717,157.00934579439252,14.428571428571429,3
Harbhajan Singh,833,130.9748427672956,105.79710144927536,101.12994350282484,148.97435897435898,19.025157232704405,3
MS Bisla,798,108.27679782903662,110.92636579572445,124.73684210526316,160.0,15.739484396200815,3
Shakib Al Hasan,795,119.54887218045114,86.27450980392157,115.57177615571777,136.318407960199,14.135338345864662,3
GC Smith,739,106.9464544138929,101.91256830601093,133.4862385321101,150.0,14.905933429811865,3
AD Mathews,724,120.86811352253757,68.75,110.46511627906976,144.39461883408072,12.186978297161936,3
TL Suman,676,115.1618398637138,105.43478260869566,122.54901960784315,124.67532467532467,13.798977853492334,3
AM Nayar,672,114.28571428571428,78.16091954022988,106.03448275862068,158.86524822695037,12.755102040816327,3
GJ Bailey,663,120.1086956521739,98.7012987012987,94.7136563876652,181.64556962025316,14.130434782608695,3
Shahbaz Ahmed,603,116.86046511627907,80.0,101.62866449511401,152.32558139534885,11.821705426356589,3
CJ Anderson,538,123.39449541284404,78.3132530120482,121.24542124542124,184.41558441558442,16.28440366972477,3
RS Bopara,531,113.46153846153845,102.30769230769229,116.12903225806453,157.5,11.752136752136751,3
JP Faulkner,527,129.80295566502463,77.77777777777779,89.20863309352518,157.48987854251013,14.532019704433496,3
Gurkeerat Singh,511,117.20183486238531,87.27272727272727,104.38247011952191,154.6153846153846,15.137614678899084,3
OA Shah,506,124.93827160493827,103.44827586206897,115.12605042016806,146.3768115942029,14.074074074074074,3
SW Billings,503,126.06516290726817,128.84615384615387,121.21212121212122,161.70212765957444,15.037593984962406,3
NLTC Perera,424,130.06134969325154,117.64705882352942,114.02439024390243,150.34965034965035,15.030674846625766,3
SA Asnodkar,423,120.17045454545455,123.80952380952381,117.14285714285715,160.27876017610626,18.75,3
MV Boucher,394,123.89937106918238,79.3103448275862,108.67052023121386,157.01754385964912,14.150943396226415,3
Azhar Mahmood,388,124.7588424437299,100.0,122.42990654205607,150.0,16.720257234726688,3
DB Ravi Teja,375,115.38461538461537,95.23809523809523,115.33742331288343,134.06593406593404,13.538461538461538,3
P Negi,365,121.26245847176081,62.5,105.51181102362204,136.14457831325302,14.285714285714285,3
DJ Mitchell,351,128.1021897810219,137.11340206185568,124.47552447552448,122.58064516129032,13.86861313868613,3
SN Thakur,349,126.44927536231884,0.0,123.96694214876034,131.78807947019868,16.304347826086957,3
R Bhatia,342,117.9310344827586,100.0,81.15942028985508,151.65562913907286,12.758620689655173,3
JC Archer,326,140.51724137931035,0.0,117.3913043478261,154.08805031446542,17.24137931034483,3
RN ten Doeschate,326,136.9747899159664,85.71428571428571,109.009009009009,170.79646017699116,17.22689075630252,3
JO Holder,324,119.11764705882352,45.0,121.59090909090908,127.49999999999999,13.602941176470587,3
Anuj Rawat,318,115.21739130434783,110.00000000000001,90.65420560747664,184.05797101449275,14.492753623188406,3
DB Das,304,113.85767790262172,113.79310344827587,106.4516129032258,126.19047619047619,14.606741573033707,3
C de Grandhomme,303,132.31441048034935,0.0,141.8803418803419,132.03883495145632,15.72052401746725,3
LA Pomersbach,302,120.3187250996016,132.14285714285714,101.6,168.57142857142858,15.139442231075698,3
DJG Sammy,295,117.52988047808766,127.27272727272727,103.04878048780488,147.36842105263156,13.147410358565736,3
A Manohar,292,120.16460905349795,66.66666666666666,106.75675675675676,170.58823529411765,15.22633744855967,3
B Chipli,280,109.375,78.75,110.56910569105692,177.27272727272728,13.671875,3
PK Garg,273,110.5263157894737,90.19607843137256,105.26315789473684,166.66666666666669,10.121457489878543,3
MD Mishra,237,111.26760563380283,114.81481481481481,118.64406779661016,153.33333333333334,15.023474178403756,3
