batsman,bowler,runs,balls,dismissals,strike_rate
A Symonds,DE Bollinger,8,9,0,88.9
A Symonds,DJ Hussey,19,10,0,190.0
A Symonds,DP Nannes,26,14,0,185.7
A Symonds,JA Morkel,24,18,1,133.3
A Symonds,JM Kemp,1,6,0,16.7
A Symonds,L Balaji,21,13,0,161.5
A Symonds,M Muralitharan,5,15,0,33.3
A Symonds,PP Chawla,35,25,0,140.0
A Symonds,R Ashwin,19,16,1,118.8
A Symonds,RA Jadeja,9,9,1,100.0
A Symonds,S Randiv,7,8,0,87.5
A Symonds,SB Jakati,32,20,0,160.0
A Symonds,SK Raina,5,10,0,50.0
A Symonds,SR Watson,12,16,0,75.0
A Symonds,T Thushara,2,6,0,33.3
AF Milne,Imran Tahir,3,6,1,50.0
AF Milne,SN Thakur,9,7,0,128.6
AJ Finch,A Nehra,4,10,0,40.0
AJ Finch,AF Milne,9,8,0,112.5
AJ Finch,BW Hilfenhaus,1,6,0,16.7
AJ Finch,CH Morris,14,12,0,116.7
AJ Finch,CJ Jordan,3,7,0,42.9
AJ Finch,DL Chahar,14,17,2,82.4
AJ Finch,DP Nannes,22,15,0,146.7
AJ Finch,DR Smith,8,6,0,133.3
AJ Finch,Harbhajan Singh,30,24,1,125.0
AJ Finch,IC Pandey,16,10,0,160.0
AJ Finch,Imran Tahir,15,13,2,115.4
AJ Finch,JO Holder,9,16,1,56.2
AJ Finch,L Balaji,6,10,2,60.0
AJ Finch,MM Sharma,20,15,3,133.3
AJ Finch,MS Gony,21,9,1,233.3
AJ Finch,Mustafizur Rahman,14,17,0,82.4
AJ Finch,P Negi,14,8,3,175.0
AJ Finch,PP Chawla,34,23,1,147.8
AJ Finch,R Ashwin,29,31,0,93.5
AJ Finch,RA Jadeja,34,22,1,154.5
AJ Finch,RD Chahar,24,14,0,171.4
AJ Finch,SR Watson,8,9,0,88.9
AJ Finch,TG Southee,22,18,0,122.2
AM Nayar,A Flintoff,25,8,0,312.5
AM Nayar,A Nehra,2,7,2,28.6
AM Nayar,Harbhajan Singh,9,6,1,150.0
AM Nayar,JA Morkel,9,6,1,150.0
AM Nayar,Joginder Sharma,12,7,0,171.4
AM Nayar,M Muralitharan,20,25,0,80.0
AM Nayar,P Amarnath,24,7,0,342.9
AM Nayar,PP Chawla,15,16,1,93.8
AM Nayar,SB Jakati,20,8,0,250.0
AM Nayar,SK Raina,10,10,1,100.0
AM Nayar,SR Watson,6,10,1,60.0
AM Rahane,A Kamboj,29,17,0,170.6
AM Rahane,A Nehra,59,44,0,134.1
AM Rahane,AF Milne,22,17,0,129.4
AM Rahane,BW Hilfenhaus,12,17,0,70.6
AM Rahane,CH Morris,42,29,0,144.8
AM Rahane,CJ Jordan,18,10,1,180.0
AM Rahane,DE Bollinger,5,9,0,55.6
AM Rahane,DJ Bravo,58,29,1,200.0
AM Rahane,DL Chahar,32,35,4,91.4
AM Rahane,DP Nannes,13,7,0,185.7
AM Rahane,Harbhajan Singh,27,30,1,90.0
AM Rahane,IC Pandey,14,10,0,140.0
AM Rahane,Imran Tahir,15,22,1,68.2
AM Rahane,JA Morkel,25,20,1,125.0
AM Rahane,JO Holder,29,20,1,145.0
AM Rahane,KK Ahmed,28,26,1,107.7
AM Rahane,KV Sharma,62,52,3,119.2
AM Rahane,L Balaji,9,13,1,69.2
AM Rahane,M Muralitharan,22,14,0,157.1
AM Rahane,M Theekshana,11,10,0,110.0
AM Rahane,MJ Henry,13,12,1,108.3
AM Rahane,MJ Santner,19,16,1,118.8
AM Rahane,MM Sharma,60,41,2,146.3
AM Rahane,MS Gony,10,7,0,142.9
AM Rahane,Mustafizur Rahman,2,7,0,28.6
AM Rahane,Noor Ahmad,16,18,1,88.9
AM Rahane,P Negi,21,27,1,77.8
AM Rahane,PP Chawla,146,101,3,144.6
AM Rahane,R Ashwin,54,58,6,93.1
AM Rahane,RA Jadeja,39,36,3,108.3
AM Rahane,RD Chahar,12,9,1,133.3
AM Rahane,S Badree,11,12,2,91.7
AM Rahane,SB Jakati,27,16,0,168.8
AM Rahane,SM Curran,26,14,0,185.7
AM Rahane,SN Thakur,32,26,2,123.1
AM Rahane,SR Watson,23,16,1,143.8
AM Rahane,TG Southee,26,21,1,123.8
AM Rahane,TU Deshpande,12,12,0,100.0
AM Rahane,VY Mahesh,3,6,1,50.0
AN Ahmed,SK Raina,3,7,0,42.9
AP Tare,IC Pandey,10,7,1,142.9
AP Tare,JA Morkel,11,16,2,68.8
AP Tare,MM Sharma,14,11,1,127.3
AP Tare,SR Watson,19,9,0,211.1
AT Rayudu,A Nehra,29,18,3,161.1
AT Rayudu,AS Rajpoot,9,10,0,90.0
AT Rayudu,B Laughlin,12,11,2,109.1
AT Rayudu,BA Stokes,22,17,1,129.4
AT Rayudu,CH Morris,19,23,0,82.6
AT Rayudu,CJ Jordan,10,8,1,125.0
AT Rayudu,DJ Bravo,44,43,2,102.3
AT Rayudu,DP Nannes,7,8,0,87.5
AT Rayudu,DR Smith,16,10,0,160.0
AT Rayudu,IC Pandey,21,16,0,131.2
AT Rayudu,Imran Tahir,27,22,1,122.7
AT Rayudu,JA Morkel,36,32,0,112.5
AT Rayudu,Joginder Sharma,6,8,0,75.0
AT Rayudu,KK Ahmed,11,18,3,61.1
AT Rayudu,KV Sharma,12,15,1,80.0
AT Rayudu,L Balaji,33,16,0,206.2
AT Rayudu,M Muralitharan,21,23,0,91.3
AT Rayudu,MM Ali,11,18,0,61.1
AT Rayudu,MM Sharma,71,50,7,142.0
AT Rayudu,Mustafizur Rahman,23,15,0,153.3
AT Rayudu,NLTC Perera,27,22,0,122.7
AT Rayudu,P Negi,22,14,0,157.1
AT Rayudu,PP Chawla,78,57,6,136.8
AT Rayudu,R Ashwin,90,87,5,103.4
AT Rayudu,RA Jadeja,50,40,1,125.0
AT Rayudu,RD Chahar,55,37,1,148.6
AT Rayudu,SB Jakati,6,7,0,85.7
AT Rayudu,SK Raina,14,7,1,200.0
AT Rayudu,SN Thakur,4,6,0,66.7
AT Rayudu,SR Watson,40,38,4,105.3
AT Rayudu,TG Southee,32,15,0,213.3
AT Rayudu,V Shankar,9,10,0,90.0
Akash Madhwal,KV Sharma,3,7,0,42.9
Anmolpreet Singh,DL Chahar,1,6,1,16.7
Anmolpreet Singh,JR Hazlewood,15,8,0,187.5
Arjun Tendulkar,MM Sharma,10,6,1,166.7
Arshad Khan,KK Ahmed,22,10,0,220.0
Arshad Khan,M Pathirana,12,9,1,133.3
BCJ Cutting,SR Watson,48,18,1,266.7
C Green,JO Holder,6,6,0,100.0
C Green,L Ngidi,5,7,0,71.4
C Green,M Theekshana,11,11,0,100.0
C Green,Mustafizur Rahman,13,6,1,216.7
C Green,NT Ellis,20,12,2,166.7
C Green,Noor Ahmad,38,23,2,165.2
C Green,R Ashwin,20,21,2,95.2
C Green,RA Jadeja,14,16,1,87.5
C Green,RD Chahar,32,18,0,177.8
C Green,SM Curran,21,12,0,175.0
C Green,SN Thakur,33,12,1,275.0
C Madan,A Nehra,9,11,0,81.8
CA Lynn,BA Stokes,7,11,1,63.6
CA Lynn,CH Morris,15,12,0,125.0
CA Lynn,DL Chahar,35,24,1,145.8
CA Lynn,DR Smith,23,6,0,383.3
CA Lynn,Imran Tahir,9,9,1,100.0
CA Lynn,JA Morkel,10,8,0,125.0
CA Lynn,KK Ahmed,17,15,1,113.3
CA Lynn,L Ngidi,12,6,1,200.0
CA Lynn,M Muralitharan,16,7,0,228.6
CA Lynn,MJ Henry,23,10,1,230.0
CA Lynn,MJ Santner,11,8,0,137.5
CA Lynn,MM Sharma,15,10,0,150.0
CA Lynn,MS Gony,10,6,0,166.7
CA Lynn,R Ashwin,25,15,0,166.7
CA Lynn,RA Jadeja,33,19,1,173.7
CA Lynn,RD Chahar,23,11,1,209.1
CA Lynn,SB Jakati,7,7,0,100.0
CA Lynn,SN Thakur,9,9,0,100.0
CA Lynn,TG Southee,51,29,0,175.9
CJ Anderson,A Nehra,4,8,1,50.0
CJ Anderson,CH Morris,19,14,1,135.7
CJ Anderson,IC Pandey,19,11,0,172.7
CJ Anderson,PP Chawla,24,15,0,160.0
CJ Anderson,R Ashwin,11,12,1,91.7
CJ Anderson,RA Jadeja,14,8,0,175.0
CJ Anderson,SK Raina,29,15,0,193.3
CJ Anderson,SR Watson,18,12,0,150.0
CM Gautam,S Badree,9,8,1,112.5
D Brevis,MJ Santner,16,9,0,177.8
D Brevis,MM Sharma,11,8,1,137.5
DJ Bravo,A Nehra,18,11,1,163.6
DJ Bravo,B Laughlin,8,9,0,88.9
DJ Bravo,BA Stokes,20,9,0,222.2
DJ Bravo,CH Morris,31,23,1,134.8
DJ Bravo,DJ Hooda,10,7,0,142.9
DJ Bravo,DJ Hussey,18,8,0,225.0
DJ Bravo,DP Nannes,11,6,1,183.3
DJ Bravo,Harbhajan Singh,17,28,0,60.7
DJ Bravo,JA Morkel,5,11,1,45.5
DJ Bravo,KV Sharma,0,6,0,0.0
DJ Bravo,M Muralitharan,13,13,0,100.0
DJ Bravo,MS Gony,27,9,0,300.0
DJ Bravo,Mustafizur Rahman,19,12,1,158.3
DJ Bravo,P Amarnath,13,6,0,216.7
DJ Bravo,PP Chawla,45,44,2,102.3
DJ Bravo,RD Chahar,10,9,0,111.1
DJ Bravo,SR Watson,28,17,2,164.7
DJ Thornely,VY Mahesh,10,8,0,125.0
DL Chahar,KK Ahmed,14,6,0,233.3
DL Chahar,NT Ellis,15,7,0,214.3
DL Chahar,R Ashwin,24,11,1,218.2
DR Smith,A Nehra,14,10,1,140.0
DR Smith,BW Hilfenhaus,41,18,0,227.8
DR Smith,CH Morris,34,30,0,113.3
DR Smith,CJ Jordan,9,6,0,150.0
DR Smith,Harbhajan Singh,72,51,4,141.2
DR Smith,Imran Tahir,14,15,3,93.3
DR Smith,JA Morkel,63,36,1,175.0
DR Smith,KV Sharma,49,37,2,132.4
DR Smith,L Balaji,27,39,1,69.2
DR Smith,M Muralitharan,7,9,2,77.8
DR Smith,MM Sharma,44,30,1,146.7
DR Smith,NLTC Perera,7,7,1,100.0
DR Smith,PP Chawla,14,8,1,175.0
DR Smith,R Ashwin,40,22,1,181.8
DR Smith,RA Jadeja,23,20,1,115.0
DR Smith,RD Chahar,10,6,0,166.7
DR Smith,SB Jakati,31,23,2,134.8
DR Smith,SR Watson,29,31,0,93.5
DR Smith,TG Southee,14,10,0,140.0
DS Kulkarni,R Ashwin,19,10,1,190.0
DS Kulkarni,RA Jadeja,10,9,0,111.1
E Lewis,AS Rajpoot,4,6,0,66.7
E Lewis,BA Stokes,7,7,0,100.0
E Lewis,D Pretorius,14,10,0,140.0
E Lewis,DJ Bravo,18,17,1,105.9
E Lewis,DL Chahar,11,8,1,137.5
E Lewis,Harbhajan Singh,13,23,0,56.5
E Lewis,Imran Tahir,31,17,0,182.4
E Lewis,PP Chawla,14,7,1,200.0
E Lewis,R Ashwin,8,7,0,114.3
E Lewis,SM Curran,14,6,0,233.3
E Lewis,SN Thakur,22,17,1,129.4
E Lewis,TU Deshpande,19,8,0,237.5
GJ Maxwell,A Nehra,10,11,0,90.9
GJ Maxwell,AF Milne,31,15,0,206.7
GJ Maxwell,AS Rajpoot,19,13,1,146.2
GJ Maxwell,BA Stokes,12,7,0,171.4
GJ Maxwell,CH Morris,26,12,1,216.7
GJ Maxwell,CJ Jordan,21,7,0,300.0
GJ Maxwell,DJ Bravo,20,16,2,125.0
GJ Maxwell,DR Smith,43,17,1,252.9
GJ Maxwell,Harbhajan Singh,60,30,1,200.0
GJ Maxwell,IC Pandey,19,10,0,190.0
GJ Maxwell,Imran Tahir,45,25,2,180.0
GJ Maxwell,JO Holder,29,22,1,131.8
GJ Maxwell,KV Sharma,75,28,0,267.9
GJ Maxwell,M Pathirana,26,11,0,236.4
GJ Maxwell,M Theekshana,33,18,2,183.3
GJ Maxwell,MA Wood,7,11,1,63.6
GJ Maxwell,MM Sharma,12,7,1,171.4
GJ Maxwell,Mustafizur Rahman,13,12,1,108.3
GJ Maxwell,NLTC Perera,9,6,0,150.0
GJ Maxwell,P Negi,36,19,0,189.5
GJ Maxwell,PP Chawla,76,45,3,168.9
GJ Maxwell,R Ashwin,141,81,4,174.1
GJ Maxwell,RA Jadeja,70,51,6,137.3
GJ Maxwell,RD Chahar,65,47,2,138.3
GJ Maxwell,SN Thakur,22,21,2,104.8
GJ Maxwell,TG Southee,15,9,0,166.7
HH Gibbs,DJ Bravo,13,11,0,118.2
HH Gibbs,DP Nannes,22,14,1,157.1
HH Gibbs,Harbhajan Singh,28,21,0,133.3
HH Gibbs,JA Morkel,16,16,0,100.0
HH Gibbs,JDP Oram,12,10,0,120.0
HH Gibbs,JM Kemp,12,7,0,171.4
HH Gibbs,L Balaji,19,20,0,95.0
HH Gibbs,M Muralitharan,27,30,0,90.0
HH Gibbs,M Ntini,14,14,1,100.0
HH Gibbs,MS Gony,22,12,1,183.3
HH Gibbs,PP Chawla,30,32,2,93.8
HH Gibbs,R Ashwin,12,19,1,63.2
HH Gibbs,RA Jadeja,6,6,0,100.0
HH Gibbs,SK Raina,12,12,0,100.0
HH Gibbs,SR Watson,7,6,0,116.7
HH Pandya,AS Rajpoot,42,12,0,350.0
HH Pandya,BA Stokes,11,12,1,91.7
HH Pandya,CH Morris,41,26,2,157.7
HH Pandya,CJ Jordan,13,6,0,216.7
HH Pandya,DJ Bravo,55,39,1,141.0
HH Pandya,DL Chahar,10,8,1,125.0
HH Pandya,Imran Tahir,16,20,1,80.0
HH Pandya,J Overton,5,10,0,50.0
HH Pandya,JO Holder,6,8,1,75.0
HH Pandya,JR Hazlewood,35,15,1,233.3
HH Pandya,KK Ahmed,37,26,3,142.3
HH Pandya,M Pathirana,7,9,1,77.8
HH Pandya,M Theekshana,7,8,1,87.5
HH Pandya,MA Wood,12,7,0,171.4
HH Pandya,MJ Santner,5,9,0,55.6
HH Pandya,Mustafizur Rahman,2,6,2,33.3
HH Pandya,Noor Ahmad,2,6,1,33.3
HH Pandya,P Negi,39,12,0,325.0
HH Pandya,PP Chawla,46,22,2,209.1
HH Pandya,R Ashwin,79,50,0,158.0
HH Pandya,RA Jadeja,18,16,2,112.5
HH Pandya,RD Chahar,10,7,0,142.9
HH Pandya,SM Curran,22,9,1,244.4
HH Pandya,SN Thakur,33,18,1,183.3
HH Pandya,SR Watson,12,7,0,171.4
HH Pandya,TG Southee,20,18,2,111.1
HH Pandya,TU Deshpande,24,12,1,200.0
HR Shokeen,D Pretorius,16,14,0,114.3
HR Shokeen,DJ Bravo,11,10,1,110.0
HR Shokeen,MJ Santner,6,8,0,75.0
HR Shokeen,RA Jadeja,17,12,0,141.7
Harbhajan Singh,AS Rajpoot,7,10,0,70.0
Harbhajan Singh,B Laughlin,22,11,0,200.0
Harbhajan Singh,DE Bollinger,21,12,1,175.0
Harbhajan Singh,DJ Bravo,46,38,4,121.1
Harbhajan Singh,DP Nannes,15,7,0,214.3
Harbhajan Singh,JDP Oram,17,8,1,212.5
Harbhajan Singh,L Balaji,12,6,0,200.0
Harbhajan Singh,M Muralitharan,14,9,1,155.6
Harbhajan Singh,MM Sharma,37,25,2,148.0
Harbhajan Singh,Mustafizur Rahman,16,18,0,88.9
Harbhajan Singh,R Ashwin,15,17,1,88.2
Harbhajan Singh,RA Jadeja,13,12,0,108.3
Harbhajan Singh,SB Jakati,4,10,0,40.0
Harbhajan Singh,SR Watson,17,8,0,212.5
Ishan Kishan,A Kamboj,32,20,1,160.0
Ishan Kishan,AJ Hosein,6,7,0,85.7
Ishan Kishan,AS Rajpoot,23,18,0,127.8
Ishan Kishan,BA Stokes,12,12,1,100.0
Ishan Kishan,DJ Bravo,22,17,1,129.4
Ishan Kishan,DJ Hooda,10,11,0,90.9
Ishan Kishan,DJ Willey,8,9,0,88.9
Ishan Kishan,DL Chahar,30,25,2,120.0
Ishan Kishan,Harbhajan Singh,44,43,1,102.3
Ishan Kishan,Imran Tahir,45,30,5,150.0
Ishan Kishan,JO Holder,24,16,0,150.0
Ishan Kishan,JR Hazlewood,42,26,0,161.5
Ishan Kishan,KK Ahmed,58,36,0,161.1
Ishan Kishan,L Ngidi,15,9,0,166.7
Ishan Kishan,M Theekshana,25,12,0,208.3
Ishan Kishan,MM Ali,7,8,0,87.5
Ishan Kishan,MM Sharma,28,14,0,200.0
Ishan Kishan,Mukesh Choudhary,19,17,3,111.8
Ishan Kishan,Mustafizur Rahman,31,13,0,238.5
Ishan Kishan,NT Ellis,13,10,0,130.0
Ishan Kishan,Noor Ahmad,27,17,1,158.8
Ishan Kishan,PP Chawla,14,6,0,233.3
Ishan Kishan,R Ashwin,57,64,1,89.1
Ishan Kishan,RA Jadeja,37,32,1,115.6
Ishan Kishan,RD Chahar,9,7,0,128.6
Ishan Kishan,S Badree,12,8,1,150.0
Ishan Kishan,SH Johnson,18,10,0,180.0
Ishan Kishan,SM Curran,16,12,0,133.3
Ishan Kishan,SN Thakur,60,33,1,181.8
Ishan Kishan,SSB Magala,26,10,0,260.0
Ishan Kishan,TG Southee,5,7,1,71.4
Ishan Kishan,TU Deshpande,58,43,0,134.9
J Suchith,DJ Bravo,3,6,1,50.0
J Yadav,R Ashwin,13,10,1,130.0
JC Archer,JO Holder,10,10,1,100.0
JC Archer,KV Sharma,10,8,0,125.0
JC Archer,L Ngidi,27,9,0,300.0
JC Archer,SN Thakur,33,16,1,206.2
JC Buttler,A Kamboj,13,8,0,162.5
JC Buttler,AJ Hosein,11,7,0,157.1
JC Buttler,AS Rajpoot,27,16,1,168.8
JC Buttler,Akash Singh,6,7,1,85.7
JC Buttler,BA Stokes,12,7,1,171.4
JC Buttler,CH Morris,37,19,1,194.7
JC Buttler,CJ Jordan,31,12,0,258.3
JC Buttler,DJ Bravo,25,21,2,119.0
JC Buttler,DJ Willey,31,23,0,134.8
JC Buttler,DL Chahar,72,48,0,150.0
JC Buttler,DR Smith,11,11,0,100.0
JC Buttler,Gurjapneet Singh,10,8,0,125.0
JC Buttler,Harbhajan Singh,19,8,0,237.5
JC Buttler,Imran Tahir,19,11,1,172.7
JC Buttler,J Overton,9,6,0,150.0
JC Buttler,JO Holder,10,8,0,125.0
JC Buttler,JR Hazlewood,84,49,2,171.4
JC Buttler,JW Hastings,5,8,0,62.5
JC Buttler,KK Ahmed,61,47,2,129.8
JC Buttler,KV Sharma,9,9,0,100.0
JC Buttler,L Ngidi,5,6,0,83.3
JC Buttler,M Theekshana,55,39,1,141.0
JC Buttler,MJ Henry,19,8,0,237.5
JC Buttler,MJ Santner,17,9,0,188.9
JC Buttler,MM Ali,25,9,1,277.8
JC Buttler,MM Sharma,42,21,2,200.0
JC Buttler,Mukesh Choudhary,15,9,0,166.7
JC Buttler,Mustafizur Rahman,20,12,1,166.7
JC Buttler,Noor Ahmad,25,14,0,178.6
JC Buttler,PP Chawla,37,29,2,127.6
JC Buttler,R Ashwin,33,33,1,100.0
JC Buttler,RA Jadeja,79,63,3,125.4
JC Buttler,RD Chahar,43,26,2,165.4
JC Buttler,SB Jakati,8,11,1,72.7
JC Buttler,SH Johnson,20,16,0,125.0
JC Buttler,SM Curran,34,21,0,161.9
JC Buttler,SN Thakur,69,50,2,138.0
JC Buttler,SR Watson,15,14,0,107.1
JC Buttler,SSB Magala,6,6,0,100.0
JC Buttler,TU Deshpande,45,32,0,140.6
JC Buttler,V Shankar,18,10,1,180.0
JD Unadkat,DJ Bravo,21,12,0,175.0
JD Unadkat,SM Curran,17,6,0,283.3
JD Unadkat,SN Thakur,8,7,1,114.3
JDS Neesham,PP Chawla,7,7,1,100.0
JDS Neesham,RA Jadeja,15,10,1,150.0
JEC Franklin,A Nehra,14,6,0,233.3
JEC Franklin,BW Hilfenhaus,0,8,1,0.0
JEC Franklin,DJ Bravo,4,10,1,40.0
JEC Franklin,JA Morkel,14,14,0,100.0
JEC Franklin,L Balaji,33,15,0,220.0
JEC Franklin,PP Chawla,13,12,0,108.3
JEC Franklin,R Ashwin,10,13,0,76.9
JL Pattinson,L Ngidi,6,6,1,100.0
JM Bairstow,AF Milne,15,6,0,250.0
JM Bairstow,AS Rajpoot,11,9,0,122.2
JM Bairstow,CH Morris,19,12,0,158.3
JM Bairstow,DJ Hooda,10,8,0,125.0
JM Bairstow,DL Chahar,23,24,1,95.8
JM Bairstow,Imran Tahir,5,10,0,50.0
JM Bairstow,JR Hazlewood,20,7,0,285.7
JM Bairstow,KK Ahmed,21,11,1,190.9
JM Bairstow,KV Sharma,23,9,0,255.6
JM Bairstow,MM Ali,22,12,0,183.3
JM Bairstow,Mustafizur Rahman,17,12,0,141.7
JM Bairstow,PP Chawla,45,22,1,204.5
JM Bairstow,R Ashwin,21,20,1,105.0
JM Bairstow,RA Jadeja,36,31,1,116.1
JM Bairstow,RJ Gleeson,5,7,0,71.4
JM Bairstow,SN Thakur,27,17,0,158.8
JP Duminy,A Nehra,9,13,0,69.2
JP Duminy,CH Morris,17,7,0,242.9
JP Duminy,DJ Bravo,11,9,1,122.2
JP Duminy,DJ Hooda,11,15,0,73.3
JP Duminy,DP Nannes,9,10,2,90.0
JP Duminy,DR Smith,16,16,1,100.0
JP Duminy,Harbhajan Singh,35,35,1,100.0
JP Duminy,IC Pandey,11,14,2,78.6
JP Duminy,JA Morkel,16,13,1,123.1
JP Duminy,KV Sharma,14,11,1,127.3
JP Duminy,L Balaji,15,10,0,150.0
JP Duminy,M Muralitharan,44,37,1,118.9
JP Duminy,MM Sharma,30,15,0,200.0
JP Duminy,PP Chawla,33,26,1,126.9
JP Duminy,R Ashwin,31,29,0,106.9
JP Duminy,RA Jadeja,18,13,0,138.5
JP Duminy,S Tyagi,9,7,0,128.6
JP Duminy,SB Jakati,16,11,0,145.5
JP Duminy,SK Raina,14,15,0,93.3
JP Duminy,SR Watson,20,15,0,133.3
JP Duminy,TG Southee,15,19,0,78.9
KA Pollard,A Nehra,46,24,2,191.7
KA Pollard,AS Rajpoot,40,18,1,222.2
KA Pollard,B Laughlin,9,7,0,128.6
KA Pollard,BA Stokes,15,13,1,115.4
KA Pollard,BW Hilfenhaus,11,10,0,110.0
KA Pollard,CH Morris,38,29,1,131.0
KA Pollard,CJ Jordan,31,15,1,206.7
KA Pollard,DE Bollinger,22,8,0,275.0
KA Pollard,DJ Bravo,136,92,4,147.8
KA Pollard,DP Nannes,7,8,1,87.5
KA Pollard,DR Smith,11,6,0,183.3
KA Pollard,IC Pandey,12,6,0,200.0
KA Pollard,Imran Tahir,46,28,1,164.3
KA Pollard,JA Morkel,6,8,2,75.0
KA Pollard,JO Holder,19,15,1,126.7
KA Pollard,KK Ahmed,9,13,1,69.2
KA Pollard,KV Sharma,21,19,0,110.5
KA Pollard,L Balaji,9,11,1,81.8
KA Pollard,L Ngidi,33,14,1,235.7
KA Pollard,M Muralitharan,12,14,1,85.7
KA Pollard,MM Sharma,37,34,3,108.8
KA Pollard,MS Gony,3,8,0,37.5
KA Pollard,Mustafizur Rahman,13,6,0,216.7
KA Pollard,NLTC Perera,50,17,0,294.1
KA Pollard,P Negi,41,23,0,178.3
KA Pollard,PP Chawla,58,45,1,128.9
KA Pollard,R Ashwin,54,41,4,131.7
KA Pollard,RA Jadeja,114,53,2,215.1
KA Pollard,RD Chahar,8,7,0,114.3
KA Pollard,S Badree,3,6,0,50.0
KA Pollard,SM Curran,54,24,1,225.0
KA Pollard,SN Thakur,54,33,0,163.6
KA Pollard,SR Watson,75,43,1,174.4
KA Pollard,TG Southee,28,12,1,233.3
KD Karthik,A Nehra,46,36,4,127.8
KD Karthik,AS Rajpoot,27,14,0,192.9
KD Karthik,B Laughlin,22,18,1,122.2
KD Karthik,BA Stokes,16,13,0,123.1
KD Karthik,BW Hilfenhaus,11,7,1,157.1
KD Karthik,CH Morris,33,34,4,97.1
KD Karthik,CJ Jordan,32,23,4,139.1
KD Karthik,D Pretorius,20,10,1,200.0
KD Karthik,DE Bollinger,8,8,0,100.0
KD Karthik,DJ Bravo,49,40,4,122.5
KD Karthik,DL Chahar,20,18,0,111.1
KD Karthik,DP Nannes,7,7,0,100.0
KD Karthik,DR Smith,27,18,0,150.0
KD Karthik,Harbhajan Singh,13,17,1,76.5
KD Karthik,IC Pandey,20,14,1,142.9
KD Karthik,Imran Tahir,31,27,3,114.8
KD Karthik,JA Morkel,13,19,2,68.4
KD Karthik,JO Holder,12,11,0,109.1
KD Karthik,KK Ahmed,24,13,2,184.6
KD Karthik,KV Sharma,26,23,2,113.0
KD Karthik,L Balaji,25,24,2,104.2
KD Karthik,L Ngidi,21,12,1,175.0
KD Karthik,M Muralitharan,53,43,3,123.3
KD Karthik,M Theekshana,40,22,0,181.8
KD Karthik,MJ Santner,9,8,0,112.5
KD Karthik,MM Sharma,83,79,0,105.1
KD Karthik,Mukesh Choudhary,21,8,0,262.5
KD Karthik,Mustafizur Rahman,54,31,1,174.2
KD Karthik,NLTC Perera,12,6,0,200.0
KD Karthik,P Negi,8,9,0,88.9
KD Karthik,PP Chawla,56,47,3,119.1
KD Karthik,R Ashwin,76,59,1,128.8
KD Karthik,RA Jadeja,105,71,3,147.9
KD Karthik,RD Chahar,23,16,2,143.8
KD Karthik,SB Jakati,26,16,2,162.5
KD Karthik,SK Raina,31,16,0,193.8
KD Karthik,SM Curran,65,27,1,240.7
KD Karthik,SN Thakur,34,28,1,121.4
KD Karthik,SR Watson,31,33,1,93.9
KD Karthik,TG Southee,15,14,0,107.1
KD Karthik,TU Deshpande,35,25,3,140.0
KH Pandya,A Nehra,23,12,0,191.7
KH Pandya,AS Rajpoot,15,13,1,115.4
KH Pandya,CH Morris,21,15,1,140.0
KH Pandya,CJ Jordan,12,9,0,133.3
KH Pandya,DJ Bravo,20,23,0,87.0
KH Pandya,Imran Tahir,59,33,2,178.8
KH Pandya,JO Holder,13,9,0,144.4
KH Pandya,L Ngidi,26,13,2,200.0
KH Pandya,MA Wood,33,11,0,300.0
KH Pandya,MM Ali,7,19,2,36.8
KH Pandya,MM Sharma,17,9,2,188.9
KH Pandya,Mustafizur Rahman,36,25,1,144.0
KH Pandya,Noor Ahmad,4,7,1,57.1
KH Pandya,P Negi,6,9,1,66.7
KH Pandya,PP Chawla,64,32,2,200.0
KH Pandya,R Ashwin,19,24,1,79.2
KH Pandya,RA Jadeja,12,13,0,92.3
KH Pandya,SM Curran,13,10,1,130.0
KH Pandya,SN Thakur,32,26,2,123.1
KH Pandya,TG Southee,8,7,0,114.3
KV Sharma,CH Morris,5,6,0,83.3
KV Sharma,DJ Bravo,17,19,2,89.5
KV Sharma,Harbhajan Singh,5,7,0,71.4
KV Sharma,Imran Tahir,21,9,0,233.3
KV Sharma,MM Sharma,17,8,1,212.5
KV Sharma,PP Chawla,8,9,0,88.9
KV Sharma,R Ashwin,11,7,0,157.1
KV Sharma,RA Jadeja,12,7,1,171.4
KV Sharma,SR Watson,7,8,2,87.5
Krish Bhagat,J Overton,1,6,1,16.7
LMP Simmons,A Nehra,60,48,0,125.0
LMP Simmons,IC Pandey,20,25,1,80.0
LMP Simmons,Imran Tahir,14,6,1,233.3
LMP Simmons,KV Sharma,50,26,1,192.3
LMP Simmons,MM Sharma,58,32,0,181.2
LMP Simmons,P Negi,21,16,0,131.2
LMP Simmons,R Ashwin,58,51,2,113.7
LMP Simmons,RA Jadeja,61,44,2,138.6
LMP Simmons,S Badree,15,9,0,166.7
LMP Simmons,SR Watson,12,7,0,171.4
LMP Simmons,TG Southee,8,8,0,100.0
M Ashwin,KK Ahmed,5,7,1,71.4
M Jansen,KK Ahmed,11,6,0,183.3
M Jansen,M Pathirana,28,22,1,127.3
M Jansen,M Theekshana,5,11,1,45.5
M Markande,MM Sharma,17,7,0,242.9
MEK Hussey,A Nehra,9,20,1,45.0
MEK Hussey,DJ Hussey,8,10,0,80.0
MEK Hussey,Harbhajan Singh,39,46,1,84.8
MEK Hussey,IC Pandey,11,14,0,78.6
MEK Hussey,JA Morkel,2,6,1,33.3
MEK Hussey,KV Sharma,12,13,0,92.3
MEK Hussey,L Balaji,59,44,2,134.1
MEK Hussey,M Muralitharan,8,8,0,100.0
MEK Hussey,MM Sharma,10,6,0,166.7
MEK Hussey,NLTC Perera,11,6,1,183.3
MEK Hussey,PP Chawla,25,20,1,125.0
MEK Hussey,R Ashwin,11,7,0,157.1
MEK Hussey,RA Jadeja,9,12,2,75.0
MEK Hussey,SR Watson,30,27,0,111.1
MG Johnson,CH Morris,21,19,1,110.5
MG Johnson,MM Sharma,11,6,0,183.3
MJ Guptill,CH Morris,16,9,0,177.8
MJ Guptill,Imran Tahir,21,9,0,233.3
MJ McClenaghan,MM Sharma,5,6,0,83.3
MJ McClenaghan,Mustafizur Rahman,6,6,1,100.0
MJ Santner,NT Ellis,6,7,1,85.7
MJ Santner,RD Chahar,4,6,1,66.7
MK Pandey,A Nehra,11,12,0,91.7
MK Pandey,AS Rajpoot,6,11,1,54.5
MK Pandey,BA Stokes,29,16,0,181.2
MK Pandey,CH Morris,40,30,0,133.3
MK Pandey,CJ Jordan,7,14,1,50.0
MK Pandey,D Pretorius,5,6,0,83.3
MK Pandey,DJ Bravo,40,32,2,125.0
MK Pandey,DL Chahar,41,30,1,136.7
MK Pandey,DP Nannes,8,8,0,100.0
MK Pandey,Harbhajan Singh,85,77,4,110.4
MK Pandey,IC Pandey,7,9,0,77.8
MK Pandey,Imran Tahir,47,31,0,151.6
MK Pandey,JA Morkel,38,24,2,158.3
MK Pandey,KV Sharma,51,43,2,118.6
MK Pandey,L Balaji,29,23,0,126.1
MK Pandey,L Ngidi,17,18,2,94.4
MK Pandey,M Muralitharan,5,11,1,45.5
MK Pandey,M Pathirana,25,16,1,156.2
MK Pandey,MM Ali,26,21,0,123.8
MK Pandey,MM Sharma,44,30,0,146.7
MK Pandey,MS Gony,17,13,0,130.8
MK Pandey,Mustafizur Rahman,27,20,1,135.0
MK Pandey,NLTC Perera,9,8,0,112.5
MK Pandey,Noor Ahmad,9,8,0,112.5
MK Pandey,P Negi,11,14,1,78.6
MK Pandey,PP Chawla,25,26,2,96.2
MK Pandey,R Ashwin,66,61,2,108.2
MK Pandey,RA Jadeja,45,54,2,83.3
MK Pandey,RD Chahar,24,24,1,100.0
MK Pandey,S Badree,10,10,0,100.0
MK Pandey,S Tyagi,15,18,0,83.3
MK Pandey,SB Jakati,11,9,1,122.2
MK Pandey,SK Raina,7,7,0,100.0
MK Pandey,SM Curran,29,22,1,131.8
MK Pandey,SN Thakur,38,31,2,122.6
MK Pandey,SR Watson,26,19,1,136.8
MK Pandey,TG Southee,31,26,1,119.2
MK Pandey,TU Deshpande,19,13,2,146.2
MM Patel,DP Nannes,22,9,0,244.4
Mohammad Nabi,R Ashwin,7,6,0,116.7
N Rana,A Kamboj,13,10,0,130.0
N Rana,AS Rajpoot,11,8,1,137.5
N Rana,B Laughlin,11,10,0,110.0
N Rana,BA Stokes,16,21,0,76.2
N Rana,CH Morris,28,15,3,186.7
N Rana,DJ Bravo,15,19,2,78.9
N Rana,DJ Hooda,15,8,0,187.5
N Rana,DJ Willey,7,7,0,100.0
N Rana,DL Chahar,40,47,2,85.1
N Rana,DR Smith,15,10,0,150.0
N Rana,Imran Tahir,8,9,1,88.9
N Rana,J Overton,22,9,0,244.4
N Rana,JO Holder,10,10,1,100.0
N Rana,JR Hazlewood,13,15,1,86.7
N Rana,KK Ahmed,47,25,0,188.0
N Rana,KV Sharma,26,13,1,200.0
N Rana,L Ngidi,10,10,1,100.0
N Rana,M Pathirana,8,12,0,66.7
N Rana,M Theekshana,18,15,0,120.0
N Rana,MJ Santner,36,17,0,211.8
N Rana,MM Ali,32,21,1,152.4
N Rana,MM Sharma,39,23,1,169.6
N Rana,Mustafizur Rahman,17,19,1,89.5
N Rana,NT Ellis,21,20,0,105.0
N Rana,Noor Ahmad,12,9,1,133.3
N Rana,P Negi,18,14,1,128.6
N Rana,PP Chawla,8,10,0,80.0
N Rana,R Ashwin,141,74,1,190.5
N Rana,RA Jadeja,74,51,1,145.1
N Rana,RD Chahar,38,31,3,122.6
N Rana,S Badree,2,8,1,25.0
N Rana,SB Jakati,22,11,0,200.0
N Rana,SK Raina,11,9,0,122.2
N Rana,SM Curran,24,25,0,96.0
N Rana,SN Thakur,36,30,2,120.0
N Rana,SR Watson,3,7,1,42.9
N Rana,TU Deshpande,34,27,1,125.9
N Rana,V Shankar,21,15,1,140.0
N Wadhera,DJ Hooda,4,6,0,66.7
N Wadhera,DL Chahar,6,7,0,85.7
N Wadhera,JR Hazlewood,5,12,0,41.7
N Wadhera,KV Sharma,13,8,1,162.5
N Wadhera,M Pathirana,8,9,2,88.9
N Wadhera,M Theekshana,35,28,0,125.0
N Wadhera,MM Sharma,13,10,1,130.0
N Wadhera,Noor Ahmad,27,12,0,225.0
N Wadhera,R Ashwin,19,12,1,158.3
N Wadhera,RA Jadeja,31,18,0,172.2
N Wadhera,SN Thakur,18,9,0,200.0
N Wadhera,TU Deshpande,8,10,0,80.0
NLTC Perera,L Balaji,8,7,0,114.3
NLTC Perera,M Muralitharan,3,8,0,37.5
NLTC Perera,MM Sharma,9,8,1,112.5
NLTC Perera,MS Gony,8,9,1,88.9
NLTC Perera,Mustafizur Rahman,6,6,0,100.0
NLTC Perera,PP Chawla,15,12,1,125.0
NLTC Perera,SR Watson,9,9,2,100.0
NM Coulter-Nile,PP Chawla,2,7,0,28.6
Naman Dhir,A Kamboj,11,6,0,183.3
Naman Dhir,J Overton,13,6,1,216.7
Naman Dhir,JR Hazlewood,5,7,0,71.4
Naman Dhir,MJ Henry,8,6,0,133.3
Naman Dhir,MM Sharma,18,7,0,257.1
Naman Dhir,Noor Ahmad,8,11,1,72.7
Naman Dhir,RS Ghosh,12,8,0,150.0
P Kumar,JA Morkel,6,7,1,85.7
P Kumar,L Balaji,23,8,0,287.5
P Kumar,MM Sharma,8,8,2,100.0
P Kumar,SR Watson,6,9,1,66.7
PA Patel,A Nehra,62,37,3,167.6
PA Patel,AS Rajpoot,20,15,0,133.3
PA Patel,BA Stokes,18,8,0,225.0
PA Patel,CH Morris,11,11,1,100.0
PA Patel,DE Bollinger,9,11,1,81.8
PA Patel,DJ Bravo,20,15,3,133.3
PA Patel,DJ Hussey,8,7,0,114.3
PA Patel,DJ Willey,8,6,0,133.3
PA Patel,DL Chahar,9,13,0,69.2
PA Patel,DP Nannes,4,11,1,36.4
PA Patel,Harbhajan Singh,33,41,1,80.5
PA Patel,Imran Tahir,31,20,1,155.0
PA Patel,JO Holder,20,9,1,222.2
PA Patel,JW Hastings,8,7,0,114.3
PA Patel,KV Sharma,11,7,0,157.1
PA Patel,L Balaji,25,19,0,131.6
PA Patel,L Ngidi,20,15,0,133.3
PA Patel,M Muralitharan,12,10,1,120.0
PA Patel,MM Sharma,93,52,2,178.8
PA Patel,P Negi,23,13,0,176.9
PA Patel,PP Chawla,44,41,1,107.3
PA Patel,R Ashwin,32,46,4,69.6
PA Patel,RA Jadeja,56,45,2,124.4
PA Patel,S Badree,3,8,1,37.5
PA Patel,SB Jakati,24,16,0,150.0
PA Patel,SK Raina,27,23,0,117.4
PA Patel,SN Thakur,46,31,2,148.4
PA Patel,SR Watson,9,10,0,90.0
PA Patel,TG Southee,19,14,0,135.7
PA Patel,VY Mahesh,9,6,0,150.0
PP Chawla,A Nehra,16,7,0,228.6
PP Chawla,DJ Bravo,1,9,2,11.1
PP Chawla,DR Smith,3,6,1,50.0
PP Chawla,Harbhajan Singh,7,10,2,70.0
PP Chawla,Imran Tahir,12,12,0,100.0
PP Chawla,JA Morkel,9,16,2,56.2
PP Chawla,L Balaji,19,21,1,90.5
PP Chawla,M Muralitharan,8,11,1,72.7
PP Chawla,MM Sharma,17,11,3,154.5
PP Chawla,NLTC Perera,8,8,3,100.0
PP Chawla,SR Watson,22,19,2,115.8
PR Shah,A Nehra,2,6,0,33.3
PR Shah,DP Nannes,1,6,1,16.7
Q de Kock,A Nehra,19,10,0,190.0
Q de Kock,AS Rajpoot,20,12,0,166.7
Q de Kock,BW Hilfenhaus,12,13,0,92.3
Q de Kock,CH Morris,22,14,0,157.1
Q de Kock,CJ Jordan,22,19,1,115.8
Q de Kock,D Pretorius,7,7,1,100.0
Q de Kock,DJ Bravo,15,16,1,93.8
Q de Kock,DJ Hooda,12,9,1,133.3
Q de Kock,DL Chahar,109,90,5,121.1
Q de Kock,DR Smith,8,8,0,100.0
Q de Kock,Harbhajan Singh,35,41,1,85.4
Q de Kock,IC Pandey,14,9,1,155.6
Q de Kock,Imran Tahir,10,14,0,71.4
Q de Kock,JR Hazlewood,16,11,2,145.5
Q de Kock,KK Ahmed,46,30,1,153.3
Q de Kock,KV Sharma,15,9,2,166.7
Q de Kock,L Ngidi,21,10,0,210.0
Q de Kock,M Pathirana,4,6,0,66.7
Q de Kock,M Theekshana,15,16,0,93.8
Q de Kock,MM Ali,7,9,2,77.8
Q de Kock,MM Sharma,30,24,1,125.0
Q de Kock,Mukesh Choudhary,11,13,1,84.6
Q de Kock,Mustafizur Rahman,53,39,1,135.9
Q de Kock,Noor Ahmad,11,7,0,157.1
Q de Kock,PP Chawla,9,14,2,64.3
Q de Kock,R Ashwin,85,76,4,111.8
Q de Kock,RA Jadeja,42,30,0,140.0
Q de Kock,RD Chahar,14,13,0,107.7
Q de Kock,SK Raina,9,13,0,69.2
Q de Kock,SM Curran,24,24,1,100.0
Q de Kock,SN Thakur,53,39,2,135.9
Q de Kock,SR Watson,38,24,1,158.3
Q de Kock,TG Southee,57,31,1,183.9
Q de Kock,TU Deshpande,45,31,0,145.2
Q de Kock,V Shankar,6,9,0,66.7
R Dhawan,P Negi,6,6,0,100.0
R Dhawan,PP Chawla,5,12,1,41.7
R Minz,Noor Ahmad,2,6,1,33.3
R Sathish,DJ Bravo,7,6,2,116.7
R Sathish,JA Morkel,10,14,2,71.4
R Sathish,NLTC Perera,4,8,0,50.0
R Sathish,PP Chawla,10,7,0,142.9
R Sathish,SB Jakati,3,6,1,50.0
R Shepherd,KK Ahmed,32,7,0,457.1
R Shepherd,M Pathirana,21,9,1,233.3
R Shepherd,NT Ellis,19,6,1,316.7
R Shepherd,R Ashwin,6,8,0,75.0
R Vinay Kumar,DR Smith,16,12,0,133.3
R Vinay Kumar,L Balaji,6,7,1,85.7
R Vinay Kumar,MS Gony,7,6,0,116.7
RD Chahar,D Pretorius,10,6,1,166.7
RD Chahar,KK Ahmed,15,9,0,166.7
RD Chahar,RJ Gleeson,14,6,0,233.3
RD Chahar,SN Thakur,8,11,1,72.7
RD Rickelton,KK Ahmed,14,8,1,175.0
RD Rickelton,M Theekshana,7,10,1,70.0
RD Rickelton,Mukesh Choudhary,16,11,0,145.5
RD Rickelton,PR Veer,18,6,0,300.0
RD Rickelton,R Ashwin,6,8,0,75.0
RD Rickelton,SH Johnson,13,11,0,118.2
RE Levi,DE Bollinger,18,11,0,163.6
RE Levi,JA Morkel,2,6,0,33.3
RE Levi,R Ashwin,9,9,0,100.0
RG Sharma,A Nehra,62,37,2,167.6
RG Sharma,AS Rajpoot,22,19,2,115.8
RG Sharma,B Laughlin,19,10,0,190.0
RG Sharma,BA Stokes,10,9,0,111.1
RG Sharma,BW Hilfenhaus,26,14,1,185.7
RG Sharma,CH Morris,36,31,3,116.1
RG Sharma,CJ Jordan,16,12,0,133.3
RG Sharma,DE Bollinger,15,10,2,150.0
RG Sharma,DJ Bravo,82,75,5,109.3
RG Sharma,DJ Hooda,12,10,0,120.0
RG Sharma,DJ Hussey,28,10,0,280.0
RG Sharma,DL Chahar,60,51,3,117.6
RG Sharma,DP Nannes,17,19,1,89.5
RG Sharma,Harbhajan Singh,34,29,0,117.2
RG Sharma,Imran Tahir,79,63,1,125.4
RG Sharma,J Overton,16,13,0,123.1
RG Sharma,JA Morkel,16,21,3,76.2
RG Sharma,JO Holder,24,13,0,184.6
RG Sharma,JR Hazlewood,22,12,0,183.3
RG Sharma,JW Hastings,16,11,0,145.5
RG Sharma,Joginder Sharma,37,18,0,205.6
RG Sharma,KK Ahmed,42,51,3,82.4
RG Sharma,KV Sharma,34,26,1,130.8
RG Sharma,L Balaji,30,22,3,136.4
RG Sharma,L Ngidi,26,13,0,200.0
RG Sharma,M Muralitharan,16,17,1,94.1
RG Sharma,M Pathirana,33,19,0,173.7
RG Sharma,M Theekshana,20,8,0,250.0
RG Sharma,MJ Henry,13,6,0,216.7
RG Sharma,MJ Santner,9,11,1,81.8
RG Sharma,MM Sharma,81,61,1,132.8
RG Sharma,MS Gony,24,9,0,266.7
RG Sharma,Mukesh Choudhary,9,9,1,100.0
RG Sharma,Mustafizur Rahman,53,34,2,155.9
RG Sharma,NLTC Perera,40,21,0,190.5
RG Sharma,Noor Ahmad,11,9,0,122.2
RG Sharma,P Negi,39,32,1,121.9
RG Sharma,PP Chawla,146,115,2,127.0
RG Sharma,R Ashwin,119,129,4,92.2
RG Sharma,RA Jadeja,97,93,3,104.3
RG Sharma,RD Chahar,13,6,0,216.7
RG Sharma,S Randiv,20,11,0,181.8
RG Sharma,S Tyagi,11,11,0,100.0
RG Sharma,SB Jakati,28,22,1,127.3
RG Sharma,SK Raina,41,30,1,136.7
RG Sharma,SM Curran,28,14,1,200.0
RG Sharma,SN Thakur,80,60,1,133.3
RG Sharma,SR Watson,80,56,1,142.9
RG Sharma,Simarjeet Singh,9,9,1,100.0
RG Sharma,TG Southee,9,10,1,90.0
RG Sharma,TU Deshpande,27,22,1,122.7
RG Sharma,VY Mahesh,18,14,0,128.6
RP Singh,A Nehra,4,6,1,66.7
RP Singh,L Balaji,6,6,1,100.0
RP Singh,M Muralitharan,1,7,1,14.3
RT Ponting,DJ Bravo,2,6,0,33.3
RT Ponting,DP Nannes,5,7,0,71.4
RT Ponting,M Muralitharan,3,7,0,42.9
RV Uthappa,A Nehra,55,36,2,152.8
RV Uthappa,BA Stokes,11,12,1,91.7
RV Uthappa,BW Hilfenhaus,21,19,1,110.5
RV Uthappa,CH Morris,53,43,3,123.3
RV Uthappa,CJ Jordan,2,7,2,28.6
RV Uthappa,DJ Bravo,32,17,0,188.2
RV Uthappa,DL Chahar,9,9,1,100.0
RV Uthappa,DP Nannes,6,7,0,85.7
RV Uthappa,DR Smith,4,7,1,57.1
RV Uthappa,Harbhajan Singh,77,49,2,157.1
RV Uthappa,IC Pandey,42,22,0,190.9
RV Uthappa,Imran Tahir,38,21,1,181.0
RV Uthappa,JA Morkel,42,32,2,131.2
RV Uthappa,JDP Oram,20,7,0,285.7
RV Uthappa,JO Holder,24,17,0,141.2
RV Uthappa,JR Hazlewood,12,13,1,92.3
RV Uthappa,Joginder Sharma,17,18,1,94.4
RV Uthappa,KV Sharma,32,29,3,110.3
RV Uthappa,L Balaji,66,45,0,146.7
RV Uthappa,M Muralitharan,57,44,3,129.5
RV Uthappa,MM Sharma,78,44,0,177.3
RV Uthappa,MS Gony,40,36,0,111.1
RV Uthappa,Mustafizur Rahman,4,6,0,66.7
RV Uthappa,NLTC Perera,10,11,2,90.9
RV Uthappa,P Negi,24,31,1,77.4
RV Uthappa,PP Chawla,43,45,2,95.6
RV Uthappa,R Ashwin,123,96,7,128.1
RV Uthappa,RA Jadeja,65,58,3,112.1
RV Uthappa,RG More,25,16,0,156.2
RV Uthappa,SB Jakati,15,11,1,136.4
RV Uthappa,SK Raina,17,14,0,121.4
RV Uthappa,SN Thakur,9,11,0,81.8
RV Uthappa,SR Watson,64,57,2,112.3
RV Uthappa,T Thushara,2,6,0,33.3
RV Uthappa,TG Southee,28,21,0,133.3
RV Uthappa,TU Deshpande,10,9,0,111.1
RV Uthappa,VY Mahesh,17,12,1,141.7
Ramandeep Singh,A Kamboj,7,7,1,100.0
Ramandeep Singh,J Overton,20,12,0,166.7
Ramandeep Singh,RA Jadeja,6,8,0,75.0
S Dhawan,A Nehra,42,34,0,123.5
S Dhawan,AF Milne,3,6,0,50.0
S Dhawan,AS Rajpoot,13,8,1,162.5
S Dhawan,Akash Singh,21,10,0,210.0
S Dhawan,B Laughlin,12,8,0,150.0
S Dhawan,BA Stokes,31,22,1,140.9
S Dhawan,BW Hilfenhaus,15,14,1,107.1
S Dhawan,CH Morris,54,40,1,135.0
S Dhawan,CJ Jordan,11,12,0,91.7
S Dhawan,D Pretorius,23,18,0,127.8
S Dhawan,DE Bollinger,17,17,1,100.0
S Dhawan,DJ Bravo,132,88,3,150.0
S Dhawan,DJ Hooda,45,30,1,150.0
S Dhawan,DJ Willey,35,20,0,175.0
S Dhawan,DL Chahar,87,78,1,111.5
S Dhawan,DR Smith,10,7,1,142.9
S Dhawan,Harbhajan Singh,147,123,4,119.5
S Dhawan,Imran Tahir,11,8,1,137.5
S Dhawan,JA Morkel,51,33,1,154.5
S Dhawan,JDP Oram,17,15,0,113.3
S Dhawan,JO Holder,67,54,1,124.1
S Dhawan,JR Hazlewood,19,23,1,82.6
S Dhawan,Joginder Sharma,23,14,0,164.3
S Dhawan,KK Ahmed,32,32,1,100.0
S Dhawan,KM Asif,20,13,0,153.8
S Dhawan,KV Sharma,44,23,0,191.3
S Dhawan,L Balaji,50,39,0,128.2
S Dhawan,M Muralitharan,36,41,0,87.8
S Dhawan,M Theekshana,18,15,0,120.0
S Dhawan,MM Ali,18,20,0,90.0
S Dhawan,MM Sharma,62,55,3,112.7
S Dhawan,MS Gony,9,12,1,75.0
S Dhawan,Mukesh Choudhary,26,18,0,144.4
S Dhawan,NLTC Perera,16,9,0,177.8
S Dhawan,P Amarnath,11,9,0,122.2
S Dhawan,P Negi,26,17,0,152.9
S Dhawan,PP Chawla,105,65,3,161.5
S Dhawan,R Ashwin,78,104,4,75.0
S Dhawan,RA Jadeja,119,83,1,143.4
S Dhawan,RD Chahar,47,34,2,138.2
S Dhawan,S Randiv,5,9,0,55.6
S Dhawan,SB Jakati,27,22,2,122.7
S Dhawan,SB Styris,19,13,0,146.2
S Dhawan,SK Raina,29,31,2,93.5
S Dhawan,SM Curran,59,40,0,147.5
S Dhawan,SN Thakur,80,54,3,148.1
S Dhawan,SR Watson,62,55,2,112.7
S Dhawan,TG Southee,53,50,3,106.0
S Dhawan,V Shankar,15,7,0,214.3
S Gopal,AS Rajpoot,13,7,0,185.7
SA Yadav,A Kamboj,1,7,0,14.3
SA Yadav,AS Rajpoot,79,37,0,213.5
SA Yadav,BA Stokes,15,11,0,136.4
SA Yadav,CH Morris,18,17,2,105.9
SA Yadav,DJ Bravo,47,30,1,156.7
SA Yadav,DL Chahar,58,47,1,123.4
SA Yadav,DR Smith,2,6,1,33.3
SA Yadav,Harbhajan Singh,75,53,1,141.5
SA Yadav,Imran Tahir,46,36,1,127.8
SA Yadav,JA Morkel,13,7,0,185.7
SA Yadav,JO Holder,47,29,1,162.1
SA Yadav,JR Hazlewood,9,10,0,90.0
SA Yadav,KK Ahmed,33,22,2,150.0
SA Yadav,KV Sharma,13,10,0,130.0
SA Yadav,M Theekshana,27,17,0,158.8
SA Yadav,MJ Santner,5,6,2,83.3
SA Yadav,MM Ali,30,16,0,187.5
SA Yadav,MM Sharma,50,34,2,147.1
SA Yadav,Mukesh Choudhary,32,16,0,200.0
SA Yadav,Mustafizur Rahman,28,19,1,147.4
SA Yadav,NLTC Perera,16,12,1,133.3
SA Yadav,NT Ellis,27,16,1,168.8
SA Yadav,Noor Ahmad,80,56,2,142.9
SA Yadav,P Negi,11,11,1,100.0
SA Yadav,PP Chawla,18,15,1,120.0
SA Yadav,R Ashwin,128,92,0,139.1
SA Yadav,RA Jadeja,88,82,3,107.3
SA Yadav,RD Chahar,37,27,0,137.0
SA Yadav,SK Raina,9,10,0,90.0
SA Yadav,SM Curran,61,30,2,203.3
SA Yadav,SN Thakur,32,24,2,133.3
SA Yadav,SR Watson,38,26,1,146.2
SA Yadav,TG Southee,6,10,1,60.0
SA Yadav,TU Deshpande,11,8,0,137.5
SD Chitnis,DJ Bravo,6,7,1,85.7
SD Chitnis,MS Gony,5,6,0,83.3
SD Lad,AS Rajpoot,14,6,0,233.3
SE Rutherford,Imran Tahir,2,9,1,22.2
SE Rutherford,MM Sharma,17,7,0,242.9
SE Rutherford,R Ashwin,2,6,0,33.3
SE Rutherford,SN Thakur,6,8,1,75.0
SE Rutherford,TG Southee,2,9,1,22.2
SL Malinga,BW Hilfenhaus,6,7,1,85.7
SL Malinga,DJ Bravo,2,9,2,22.2
SL Malinga,Imran Tahir,1,6,0,16.7
SM Pollock,M Muralitharan,2,6,0,33.3
SM Pollock,PP Chawla,2,8,0,25.0
SN Thakur,DJ Bravo,9,6,1,150.0
SN Thakur,KV Sharma,12,6,0,200.0
SN Thakur,M Pathirana,6,6,1,100.0
SN Thakur,M Theekshana,10,7,0,142.9
SN Thakur,RD Chahar,8,11,0,72.7
SR Tendulkar,A Flintoff,12,10,0,120.0
SR Tendulkar,A Nehra,15,14,1,107.1
SR Tendulkar,CH Morris,2,7,0,28.6
SR Tendulkar,DE Bollinger,17,26,2,65.4
SR Tendulkar,DP Nannes,16,17,1,94.1
SR Tendulkar,JA Morkel,73,50,0,146.0
SR Tendulkar,JDP Oram,20,12,0,166.7
SR Tendulkar,Joginder Sharma,10,16,1,62.5
SR Tendulkar,KV Sharma,17,8,1,212.5
SR Tendulkar,L Balaji,18,28,1,64.3
SR Tendulkar,M Muralitharan,36,27,0,133.3
SR Tendulkar,MM Sharma,11,11,0,100.0
SR Tendulkar,MS Gony,17,15,0,113.3
SR Tendulkar,NLTC Perera,43,29,0,148.3
SR Tendulkar,PP Chawla,61,54,4,113.0
SR Tendulkar,R Ashwin,39,32,1,121.9
SR Tendulkar,RA Jadeja,37,26,1,142.3
SR Tendulkar,S Tyagi,10,7,0,142.9
SR Tendulkar,SB Jakati,60,49,2,122.4
SR Tendulkar,SK Raina,12,14,1,85.7
SR Tendulkar,SR Watson,29,29,0,100.0
SR Tendulkar,T Thushara,13,15,1,86.7
SS Tiwary,A Nehra,14,8,1,175.0
SS Tiwary,AS Rajpoot,10,13,1,76.9
SS Tiwary,DE Bollinger,7,9,0,77.8
SS Tiwary,DJ Bravo,26,26,0,100.0
SS Tiwary,DJ Hussey,12,7,0,171.4
SS Tiwary,DL Chahar,12,7,0,171.4
SS Tiwary,Harbhajan Singh,38,27,1,140.7
SS Tiwary,JA Morkel,4,6,0,66.7
SS Tiwary,KV Sharma,7,8,0,87.5
SS Tiwary,L Balaji,4,8,1,50.0
SS Tiwary,M Muralitharan,8,12,1,66.7
SS Tiwary,MM Ali,8,9,0,88.9
SS Tiwary,MS Gony,4,7,0,57.1
SS Tiwary,NT Ellis,6,8,1,75.0
SS Tiwary,PP Chawla,29,25,2,116.0
SS Tiwary,R Ashwin,15,14,0,107.1
SS Tiwary,RA Jadeja,34,22,2,154.5
SS Tiwary,SB Jakati,14,18,2,77.8
SS Tiwary,SK Raina,33,29,0,113.8
SS Tiwary,SM Curran,5,7,0,71.4
SS Tiwary,SN Thakur,13,11,0,118.2
SS Tiwary,SR Watson,13,17,1,76.5
SS Tiwary,T Thushara,3,8,0,37.5
SS Tiwary,TG Southee,25,17,0,147.1
ST Jayasuriya,DP Nannes,2,9,1,22.2
ST Jayasuriya,JA Morkel,51,26,0,196.2
ST Jayasuriya,JDP Oram,16,9,1,177.8
ST Jayasuriya,Joginder Sharma,12,6,0,200.0
ST Jayasuriya,M Muralitharan,12,7,0,171.4
ST Jayasuriya,MS Gony,34,25,1,136.0
ST Jayasuriya,S Tyagi,15,9,1,166.7
ST Jayasuriya,SR Watson,4,10,2,40.0
ST Jayasuriya,T Thushara,14,11,1,127.3
ST Jayasuriya,VY Mahesh,33,13,1,253.8
STR Binny,A Nehra,18,8,0,225.0
STR Binny,BW Hilfenhaus,3,6,0,50.0
STR Binny,CH Morris,25,17,0,147.1
STR Binny,DJ Bravo,57,28,1,203.6
STR Binny,Harbhajan Singh,48,31,0,154.8
STR Binny,KV Sharma,6,9,0,66.7
STR Binny,MM Sharma,22,12,1,183.3
STR Binny,NLTC Perera,6,6,1,100.0
STR Binny,PP Chawla,21,15,1,140.0
STR Binny,R Ashwin,10,7,0,142.9
STR Binny,RA Jadeja,30,22,2,136.4
STR Binny,SB Jakati,14,6,0,233.3
STR Binny,SK Raina,3,7,0,42.9
STR Binny,SN Thakur,9,11,2,81.8
STR Binny,VY Mahesh,8,9,1,88.9
T Stubbs,A Kamboj,10,6,0,166.7
T Stubbs,Gurjapneet Singh,48,26,0,184.6
T Stubbs,J Overton,5,11,2,45.5
T Stubbs,JR Hazlewood,18,14,0,128.6
T Stubbs,KK Ahmed,21,10,0,210.0
T Stubbs,M Pathirana,11,17,2,64.7
T Stubbs,M Theekshana,7,6,0,116.7
T Stubbs,Mukesh Choudhary,15,11,1,136.4
T Stubbs,Noor Ahmad,15,14,0,107.1
T Stubbs,PP Chawla,18,11,0,163.6
T Stubbs,R Ashwin,20,8,0,250.0
T Stubbs,TU Deshpande,17,11,0,154.5
TA Boult,NT Ellis,8,6,0,133.3
TA Boult,Noor Ahmad,13,8,0,162.5
TG Southee,DJ Bravo,30,16,1,187.5
TG Southee,DJ Willey,8,7,0,114.3
TH David,A Kamboj,18,9,0,200.0
TH David,D Pretorius,4,6,0,66.7
TH David,J Overton,31,10,0,310.0
TH David,JO Holder,38,13,0,292.3
TH David,KK Ahmed,36,17,1,211.8
TH David,MJ Santner,6,7,0,85.7
TH David,MM Sharma,10,9,1,111.1
TH David,Mustafizur Rahman,19,7,1,271.4
TH David,NT Ellis,21,10,0,210.0
TH David,Noor Ahmad,20,8,1,250.0
TH David,R Ashwin,5,8,0,62.5
TH David,SM Curran,41,20,0,205.0
TH David,SN Thakur,33,13,1,253.8
TH David,TU Deshpande,19,10,2,190.0
TL Suman,A Nehra,21,12,0,175.0
TL Suman,DJ Bravo,8,9,1,88.9
TL Suman,DP Nannes,13,14,0,92.9
TL Suman,Harbhajan Singh,25,20,3,125.0
TL Suman,PP Chawla,17,14,1,121.4
TL Suman,RA Jadeja,4,7,0,57.1
TL Suman,S Tyagi,21,10,0,210.0
TL Suman,SB Jakati,13,16,1,81.2
TL Suman,SK Raina,31,16,0,193.8
TL Suman,T Thushara,11,13,0,84.6
Tilak Varma,D Pretorius,13,11,0,118.2
Tilak Varma,DJ Bravo,17,16,0,106.2
Tilak Varma,J Overton,15,10,0,150.0
Tilak Varma,JO Holder,21,19,2,110.5
Tilak Varma,KK Ahmed,13,13,2,100.0
Tilak Varma,KV Sharma,7,7,0,100.0
Tilak Varma,M Pathirana,10,7,1,142.9
Tilak Varma,M Theekshana,26,19,0,136.8
Tilak Varma,MJ Santner,12,7,0,171.4
Tilak Varma,MM Sharma,25,14,0,178.6
Tilak Varma,Mukesh Choudhary,18,21,0,85.7
Tilak Varma,Noor Ahmad,14,15,2,93.3
Tilak Varma,R Ashwin,60,50,1,120.0
Tilak Varma,RA Jadeja,49,37,1,132.4
Tilak Varma,SN Thakur,8,10,0,80.0
Tilak Varma,Simarjeet Singh,6,10,0,60.0
Tilak Varma,TU Deshpande,12,6,0,200.0
UBT Chand,L Balaji,6,7,0,85.7
UBT Chand,MM Sharma,15,15,2,100.0
UBT Chand,NLTC Perera,4,9,0,44.4
UBT Chand,S Badree,14,11,0,127.3
UBT Chand,TG Southee,4,8,1,50.0
Vishnu Vinod,MM Sharma,6,6,2,100.0
Vishnu Vinod,Noor Ahmad,8,8,0,100.0
WG Jacks,KK Ahmed,12,9,0,133.3
WG Jacks,MM Sharma,39,12,0,325.0
WG Jacks,Mustafizur Rahman,12,6,0,200.0
WG Jacks,Noor Ahmad,17,14,1,121.4
YV Takawale,S Badree,16,12,0,133.3
YV Takawale,SR Watson,29,10,0,290.0
Yuvraj Singh,A Nehra,2,9,0,22.2
Yuvraj Singh,BA Stokes,13,10,0,130.0
Yuvraj Singh,CH Morris,25,19,2,131.6
Yuvraj Singh,DE Bollinger,16,11,0,145.5
Yuvraj Singh,DJ Bravo,21,19,2,110.5
Yuvraj Singh,DJ Hooda,6,7,0,85.7
Yuvraj Singh,DJ Hussey,17,7,0,242.9
Yuvraj Singh,DP Nannes,8,8,0,100.0
Yuvraj Singh,Harbhajan Singh,45,59,1,76.3
Yuvraj Singh,IC Pandey,9,8,0,112.5
Yuvraj Singh,Imran Tahir,46,32,1,143.8
Yuvraj Singh,JA Morkel,33,16,2,206.2
Yuvraj Singh,JO Holder,8,7,2,114.3
Yuvraj Singh,KV Sharma,9,15,1,60.0
Yuvraj Singh,L Balaji,34,31,2,109.7
Yuvraj Singh,M Muralitharan,44,40,0,110.0
Yuvraj Singh,MM Sharma,43,25,1,172.0
Yuvraj Singh,MS Gony,6,13,1,46.2
Yuvraj Singh,NLTC Perera,13,6,0,216.7
Yuvraj Singh,P Amarnath,14,7,1,200.0
Yuvraj Singh,PP Chawla,37,26,2,142.3
Yuvraj Singh,R Ashwin,45,48,0,93.8
Yuvraj Singh,RA Jadeja,17,24,1,70.8
Yuvraj Singh,S Randiv,11,15,0,73.3
Yuvraj Singh,SB Jakati,12,13,0,92.3
Yuvraj Singh,SK Raina,55,57,2,96.5
Yuvraj Singh,SN Thakur,12,11,1,109.1
Yuvraj Singh,SR Watson,51,38,1,134.2
Yuvraj Singh,TG Southee,36,27,0,133.3
Yuvraj Singh,VY Mahesh,9,7,0,128.6
Z Khan,DE Bollinger,10,11,2,90.9
Z Khan,SB Jakati,8,8,0,100.0
