venue,total_matches,avg_first_innings_score,chase_win_rate_pct,boundary_rate_pct,wicket_rate_pct,highest_innings_total,lowest_innings_total,venue_character
"Rajiv Gandhi International Stadium, Uppal, Hyderabad",26,194.7,46.7,20.86,4.79,286,131,🏏 Batting Paradise
"Sawai Mansingh Stadium, Jaipur",21,194.5,66.7,20.8,4.26,229,59,🏏 Batting Paradise
"Arun Jaitley Stadium, Delhi",30,193.6,54.5,21.25,4.81,278,11,🏏 Batting Paradise
"M Chinnaswamy Stadium, Bengaluru",24,190.4,54.2,20.85,5.24,287,95,⚡ High-Scoring
"Eden Gardens, Kolkata",30,190.3,39.1,21.5,5.07,262,7,⚡ High-Scoring
"Narendra Modi Stadium, Ahmedabad",41,185.8,48.5,19.02,5.29,243,86,⚡ High-Scoring
"Wankhede Stadium, Mumbai",59,181.9,58.0,19.5,4.87,249,97,🏏 Batting Paradise
"Brabourne Stadium, Mumbai",17,177.4,50.0,19.13,5.2,217,68,⚡ High-Scoring
"Bharat Ratna Shri Atal Bihari Vajpayee Ekana Cricket Stadium, Lucknow",29,174.8,66.7,17.82,5.03,235,1,⚖️ Balanced
M.Chinnaswamy Stadium,15,173.9,53.8,19.03,5.12,218,41,⚡ High-Scoring
"Dr DY Patil Sports Academy, Mumbai",20,170.7,52.9,16.45,5.18,216,113,🛡️ Bowling-Friendly
"MA Chidambaram Stadium, Chepauk, Chennai",41,168.3,53.8,16.17,5.19,217,7,🎯 Bowler-Friendly
M Chinnaswamy Stadium,65,168.1,57.4,17.48,4.98,263,2,⚖️ Balanced
Maharashtra Cricket Association Stadium,22,166.4,65.0,15.79,4.89,211,73,⚖️ Balanced
"MA Chidambaram Stadium, Chepauk",48,166.0,30.8,14.97,4.81,246,9,⚖️ Balanced
Wankhede Stadium,73,166.0,51.0,17.03,5.08,235,8,🛡️ Bowling-Friendly
Dubai International Cricket Stadium,46,163.8,44.0,15.0,4.85,219,2,⚖️ Balanced
"Punjab Cricket Association Stadium, Mohali",35,163.3,52.4,16.3,4.97,240,84,⚖️ Balanced
Rajiv Gandhi International Stadium,15,162.6,30.0,15.13,5.26,231,96,🎯 Bowler-Friendly
Feroz Shah Kotla,60,161.6,55.9,16.46,5.0,231,44,⚖️ Balanced
Eden Gardens,77,160.2,63.3,16.88,4.88,232,49,⚖️ Balanced
Sharjah Cricket Stadium,28,159.0,65.0,14.79,4.83,228,85,⚖️ Balanced
Sheikh Zayed Stadium,29,158.9,61.5,14.97,4.75,206,2,⚖️ Balanced
Sawai Mansingh Stadium,47,157.7,67.9,15.35,4.65,197,60,⚖️ Balanced
"Rajiv Gandhi International Stadium, Uppal",49,156.1,46.2,15.31,4.87,223,15,⚖️ Balanced
Kingsmead,15,152.0,60.0,13.48,5.52,211,79,🎯 Bowler-Friendly
Subrata Roy Sahara Stadium,16,149.4,0.0,13.07,4.78,187,99,⚖️ Balanced
Dr DY Patil Sports Academy,17,146.6,60.0,14.1,5.41,190,82,🎯 Bowler-Friendly
